ID,Name,Source,Type,Qualité,URL
82437,Grande robe de dérègle-sort,Couture,Armures en tissu,Épique,https://www.wowhead.com/mop-classic/fr/item=82437
 95416, Golem céleste,Ingénierie, Monture,Épique,https://www.wowhead.com/mop-classic/fr/item= 95416
 82446, Sacoche royale,Couture, Sac,Épique,https://www.wowhead.com/mop-classic/fr/item= 82446
 87559, Calligraphie supérieure d’aile de grue,Fabriqué, Amélioration d'objet permanente,Épique,https://www.wowhead.com/mop-classic/fr/item= 87559
 74248, Cristal sha,Fabriqué, Enchantement,Épique,https://www.wowhead.com/mop-classic/fr/item= 74248
 82975, Cuirasse de saccageur fantôme,Forge, Armures en plaques,Épique,https://www.wowhead.com/mop-classic/fr/item= 82975
 79334, Eventail de jade calligraphié,Calligraphie, Accessoire pour main gauche,Épique,https://www.wowhead.com/mop-classic/fr/item= 79334
 82438, Gants de dérègle-sort,Couture, Armures en tissu,Épique,https://www.wowhead.com/mop-classic/fr/item= 82438
 79335, Eventail rouge calligraphié,Calligraphie, Accessoire pour main gauche,Épique,https://www.wowhead.com/mop-classic/fr/item= 79335
 82453, Panthère d'onyx ornée de joyaux,Joaillerie, Monture,Épique,https://www.wowhead.com/mop-classic/fr/item= 82453
 85823, Corselet de l’ombre grise,Travail du Cuir, Armures en cuir,Épique,https://www.wowhead.com/mop-classic/fr/item= 85823
 82976, Gantelets de saccageur fantôme,Forge, Armures en plaques,Épique,https://www.wowhead.com/mop-classic/fr/item= 82976
 83006, Calligraphie supérieure de croc de tigre,Fabriqué, Amélioration d'objet permanente,Épique,https://www.wowhead.com/mop-classic/fr/item= 83006
 83007, Calligraphie supérieure de griffe de tigre,Fabriqué, Amélioration d'objet permanente,Épique,https://www.wowhead.com/mop-classic/fr/item= 83007
 85824, Gants de l’ombre grise,Travail du Cuir, Armures en cuir,Épique,https://www.wowhead.com/mop-classic/fr/item= 85824
 85787, Corselet d’harmonie terrestre,Travail du Cuir, Armures en mailles,Épique,https://www.wowhead.com/mop-classic/fr/item= 85787
 82439, Robe de création,Couture, Armures en tissu,Épique,https://www.wowhead.com/mop-classic/fr/item= 82439
 82979, Cuirasse d’acier antique,Forge, Armures en plaques,Épique,https://www.wowhead.com/mop-classic/fr/item= 82979
 85828, Gants de meurtrier,Travail du Cuir, Armures en cuir,Épique,https://www.wowhead.com/mop-classic/fr/item= 85828
 85826, Robe du gardien de la vie,Travail du Cuir, Armures en mailles,Épique,https://www.wowhead.com/mop-classic/fr/item= 85826
 85850, Gilet sang-sauvage,Travail du Cuir, Armures en cuir,Épique,https://www.wowhead.com/mop-classic/fr/item= 85850
 87407, Poings de guerre de forge-sang,Forge, Armures en plaques,Épique,https://www.wowhead.com/mop-classic/fr/item= 87407
 82980, Gantelets d’acier antique,Forge, Armures en plaques,Épique,https://www.wowhead.com/mop-classic/fr/item= 82980
 86313, Gants en soie impériale,Couture, Armures en tissu,Épique,https://www.wowhead.com/mop-classic/fr/item= 86313
 82440, Gants de création,Couture, Armures en tissu,Épique,https://www.wowhead.com/mop-classic/fr/item= 82440
 86312, Héritage de l’empereur,Couture, Armures en tissu,Épique,https://www.wowhead.com/mop-classic/fr/item= 86312
 85840, Corselet de Brise-tempête,Travail du Cuir, Armures en mailles,Épique,https://www.wowhead.com/mop-classic/fr/item= 85840
 85849, Gants sang-sauvage,Travail du Cuir, Armures en cuir,Épique,https://www.wowhead.com/mop-classic/fr/item= 85849
 85822, Gants d’harmonie terrestre,Travail du Cuir, Armures en mailles,Épique,https://www.wowhead.com/mop-classic/fr/item= 85822
 85825, Gants du gardien de la vie,Travail du Cuir, Armures en mailles,Épique,https://www.wowhead.com/mop-classic/fr/item= 85825
 85831, Gants du seigneur corbeau,Travail du Cuir, Armures en mailles,Épique,https://www.wowhead.com/mop-classic/fr/item= 85831
 85829, Robe flambenuit,Travail du Cuir, Armures en cuir,Épique,https://www.wowhead.com/mop-classic/fr/item= 85829
 87402, Harnois de bataille du maître ornée,Forge, Armures en plaques,Épique,https://www.wowhead.com/mop-classic/fr/item= 87402
 86311, Robe du règne éternel,Couture, Armures en tissu,Épique,https://www.wowhead.com/mop-classic/fr/item= 86311
 86314, Toucher de la Lumière,Couture, Armures en tissu,Épique,https://www.wowhead.com/mop-classic/fr/item= 86314
 85827, Gants en cuir gravés de runes de vie,Travail du Cuir, Armures en cuir,Épique,https://www.wowhead.com/mop-classic/fr/item= 85827
 85788, Corselet de Némésis,Travail du Cuir, Armures en cuir,Épique,https://www.wowhead.com/mop-classic/fr/item= 85788
 85830, Grande tenue de sang et d’os,Travail du Cuir, Armures en mailles,Épique,https://www.wowhead.com/mop-classic/fr/item= 85830
 87560, Calligraphie supérieure de corne de buffle,Fabriqué, Amélioration d'objet permanente,Épique,https://www.wowhead.com/mop-classic/fr/item= 87560
 85821, Poings de foudre,Travail du Cuir, Armures en mailles,Épique,https://www.wowhead.com/mop-classic/fr/item= 85821
 87406, Gantelets d’ordre de combat,Forge, Armures en plaques,Épique,https://www.wowhead.com/mop-classic/fr/item= 87406
 82978, Gantelets en acier vivant,Forge, Armures en plaques,Épique,https://www.wowhead.com/mop-classic/fr/item= 82978
 82977, Cuirasse en acier vivant,Forge, Armures en plaques,Épique,https://www.wowhead.com/mop-classic/fr/item= 82977
 87405, Plaques de sang inflexibles,Forge, Armures en plaques,Épique,https://www.wowhead.com/mop-classic/fr/item= 87405
 94590, Réédition de Championne Cœur-de-lion,Forge, Épée à deux mains,Épique,https://www.wowhead.com/mop-classic/fr/item= 94590
 94592, Réédition de l’Exécutrice Cœur-de-lion,Forge, Épée à deux mains,Épique,https://www.wowhead.com/mop-classic/fr/item= 94592
 87403, Pansière de foi sans limite,Forge, Armures en plaques,Épique,https://www.wowhead.com/mop-classic/fr/item= 87403
 87404, Gantelets de dévotion déliée,Forge, Armures en plaques,Épique,https://www.wowhead.com/mop-classic/fr/item= 87404
 94584, Réédition de Gueule de dragon,Forge, Masse à une main,Épique,https://www.wowhead.com/mop-classic/fr/item= 94584
 94577, Réédition du Tranchant planaire noir,Forge, Hache à une main,Épique,https://www.wowhead.com/mop-classic/fr/item= 94577
 94585, Réédition de Frappe du dragon,Forge, Masse à une main,Épique,https://www.wowhead.com/mop-classic/fr/item= 94585
 94583, Réédition de Tonnerre-profond,Forge, Masse à deux mains,Épique,https://www.wowhead.com/mop-classic/fr/item= 94583
 94589, Réédition de Brasegarde,Forge, Épée à une main,Épique,https://www.wowhead.com/mop-classic/fr/item= 94589
 94578, Réédition de Tranchelune,Forge, Hache à deux mains,Épique,https://www.wowhead.com/mop-classic/fr/item= 94578
 94586, Réédition du Héraut de la tempête,Forge, Masse à deux mains,Épique,https://www.wowhead.com/mop-classic/fr/item= 94586
 94580, Réédition de Lune sanguine,Forge, Hache à deux mains,Épique,https://www.wowhead.com/mop-classic/fr/item= 94580
 94278, Capuche des fleurs fanées,Couture, Armures en tissu,Épique,https://www.wowhead.com/mop-classic/fr/item= 94278
 98612, Ceinture du ciel nocturne,Couture, Armures en tissu,Épique,https://www.wowhead.com/mop-classic/fr/item= 98612
 94591, Réédition de Brasefurie,Forge, Épée à une main,Épique,https://www.wowhead.com/mop-classic/fr/item= 94591
 98610, Ceinture de rôdeur krasari,Travail du Cuir, Armures en mailles,Épique,https://www.wowhead.com/mop-classic/fr/item= 98610
 94579, Réédition du Tranchant cruel des plans,Forge, Hache à une main,Épique,https://www.wowhead.com/mop-classic/fr/item= 94579
 94274, Casque de gardesprit,Travail du Cuir, Armures en cuir,Épique,https://www.wowhead.com/mop-classic/fr/item= 94274
 94270, Casque en peau de quilen,Travail du Cuir, Armures en cuir,Épique,https://www.wowhead.com/mop-classic/fr/item= 94270
 98600, Jambières de pouliot,Travail du Cuir, Armures en cuir,Épique,https://www.wowhead.com/mop-classic/fr/item= 98600
 94272, Casque de marcheffroi,Travail du Cuir, Armures en mailles,Épique,https://www.wowhead.com/mop-classic/fr/item= 94272
 98606, Garde-jambes en trillium du protecteur,Forge, Armures en plaques,Épique,https://www.wowhead.com/mop-classic/fr/item= 98606
 98611, Ceinture en trillium bénie,Forge, Armures en plaques,Épique,https://www.wowhead.com/mop-classic/fr/item= 98611
 98613, Ceinture de lys des neiges,Travail du Cuir, Armures en cuir,Épique,https://www.wowhead.com/mop-classic/fr/item= 98613
 98614, Ceinture du rôdeur de la gorge,Travail du Cuir, Armures en mailles,Épique,https://www.wowhead.com/mop-classic/fr/item= 98614
 98616, Plates de taille en trillium du vengeur,Forge, Armures en plaques,Épique,https://www.wowhead.com/mop-classic/fr/item= 98616
 98602, Grèves en trillium bénies,Forge, Armures en plaques,Épique,https://www.wowhead.com/mop-classic/fr/item= 98602
 94266, Grand heaume en acier hanté,Forge, Armures en plaques,Épique,https://www.wowhead.com/mop-classic/fr/item= 94266
 94267, Bottes de guerre en acier hanté,Forge, Armures en plaques,Épique,https://www.wowhead.com/mop-classic/fr/item= 94267
 94280, Chaperon des fleurs fanées,Couture, Armures en tissu,Épique,https://www.wowhead.com/mop-classic/fr/item= 94280
 94276, Casque de serpent-nuage,Travail du Cuir, Armures en mailles,Épique,https://www.wowhead.com/mop-classic/fr/item= 94276
 94277, Bottines des fleurs fanées,Couture, Armures en tissu,Épique,https://www.wowhead.com/mop-classic/fr/item= 94277
 98604, Braies de lys des neiges,Travail du Cuir, Armures en cuir,Épique,https://www.wowhead.com/mop-classic/fr/item= 98604
 98607, Cuissards en trillium du vengeur,Forge, Armures en plaques,Épique,https://www.wowhead.com/mop-classic/fr/item= 98607
 98609, Ceinture de pouliot,Travail du Cuir, Armures en cuir,Épique,https://www.wowhead.com/mop-classic/fr/item= 98609
 94264, Bassinet en acier hanté,Forge, Armures en plaques,Épique,https://www.wowhead.com/mop-classic/fr/item= 94264
 94268, Protège-front en acier hanté,Forge, Armures en plaques,Épique,https://www.wowhead.com/mop-classic/fr/item= 94268
 94263, Grèves en acier hanté,Forge, Armures en plaques,Épique,https://www.wowhead.com/mop-classic/fr/item= 94263
 94271, Solerets de marcheffroi,Travail du Cuir, Armures en mailles,Épique,https://www.wowhead.com/mop-classic/fr/item= 94271
 94273, Protège-tibias de gardesprit,Travail du Cuir, Armures en cuir,Épique,https://www.wowhead.com/mop-classic/fr/item= 94273
 94275, Solerets de serpent-nuage,Travail du Cuir, Armures en mailles,Épique,https://www.wowhead.com/mop-classic/fr/item= 94275
 94279, Sandales des fleurs fanées,Couture, Armures en tissu,Épique,https://www.wowhead.com/mop-classic/fr/item= 94279
 98603, Jambières du ciel nocturne,Couture, Armures en tissu,Épique,https://www.wowhead.com/mop-classic/fr/item= 98603
 98605, Cuissards du rôdeur de la gorge,Travail du Cuir, Armures en mailles,Épique,https://www.wowhead.com/mop-classic/fr/item= 98605
 94265, Bottines en acier hanté,Forge, Armures en plaques,Épique,https://www.wowhead.com/mop-classic/fr/item= 94265
 98608, Ceinture du nuage blanc,Couture, Armures en tissu,Épique,https://www.wowhead.com/mop-classic/fr/item= 98608
 94269, Bottes en peau de quilen,Travail du Cuir, Armures en cuir,Épique,https://www.wowhead.com/mop-classic/fr/item= 94269
 98599, Jambières du nuage blanc,Couture, Armures en tissu,Épique,https://www.wowhead.com/mop-classic/fr/item= 98599
 98601, Braies de rôdeur krasari,Travail du Cuir, Armures en mailles,Épique,https://www.wowhead.com/mop-classic/fr/item= 98601
 98615, Sangle en trillium du protecteur,Forge, Armures en plaques,Épique,https://www.wowhead.com/mop-classic/fr/item= 98615
Qualité,Épique,Inconnu,Épique,Épique,https://www.wowhead.com/mop-classic/fr/item=Qualité
74724,Enchantement d’arme (Esprit de jade),Inconnu,Amélioration d'objet permanente,Rare,https://www.wowhead.com/mop-classic/fr/item=74724
 74726, Enchantement d’arme (Danse d’acier),Inconnu, Amélioration d'objet permanente,Rare,https://www.wowhead.com/mop-classic/fr/item= 74726
 76132, Diamant primordial,Fabriqué, Méta-gemme,Rare,https://www.wowhead.com/mop-classic/fr/item= 76132
 90046, Boucle de ceinture en acier vivant,Fabriqué, Amélioration d'objet permanente,Rare,https://www.wowhead.com/mop-classic/fr/item= 90046
 74723, Enchantement d’arme (Chant-du-Vent),Inconnu, Amélioration d'objet permanente,Rare,https://www.wowhead.com/mop-classic/fr/item= 74723
 83764, Armure de jambe en ombrecuir,Travail du Cuir, Amélioration d'objet permanente,Rare,https://www.wowhead.com/mop-classic/fr/item= 83764
 76885, Diamant primordial ardent,Fabriqué, Méta-gemme,Rare,https://www.wowhead.com/mop-classic/fr/item= 76885
 72163, Peau magnifique,Fabriqué, Cuir,Rare,https://www.wowhead.com/mop-classic/fr/item= 72163
 77530, Petit dragon en ectofer,Ingénierie, Bijou,Rare,https://www.wowhead.com/mop-classic/fr/item= 77530
 82445, Fil ensorcelé céruléen supérieur,Couture, Amélioration d'objet permanente,Rare,https://www.wowhead.com/mop-classic/fr/item= 82445
 82444, Fil ensorcelé perlescent supérieur,Couture, Amélioration d'objet permanente,Rare,https://www.wowhead.com/mop-classic/fr/item= 82444
 79318, Carte de Sombrelune de Brumes,Fabriqué, Marchandise,Rare,https://www.wowhead.com/mop-classic/fr/item= 79318
 87250, Fusée au kyparium appauvri,Ingénierie, Monture,Rare,https://www.wowhead.com/mop-classic/fr/item= 87250
 83765, Armure de jambe couvrehargne,Travail du Cuir, Amélioration d'objet permanente,Rare,https://www.wowhead.com/mop-classic/fr/item= 83765
 76694, Rubis primordial brillant,Fabriqué, Gemme rouge,Rare,https://www.wowhead.com/mop-classic/fr/item= 76694
 76884, Diamant primordial agile,Fabriqué, Méta-gemme,Rare,https://www.wowhead.com/mop-classic/fr/item= 76884
 76668, Onyx vermillon téméraire,Fabriqué, Gemme orange,Rare,https://www.wowhead.com/mop-classic/fr/item= 76668
 77529, Lunette funeste du duc de Boumcogne,Fabriqué, Amélioration d'objet permanente,Rare,https://www.wowhead.com/mop-classic/fr/item= 77529
 76886, Diamant primordial réverbérant,Fabriqué, Méta-gemme,Rare,https://www.wowhead.com/mop-classic/fr/item= 76886
 77542, Engrenage de bricoleur rapide,Ingénierie, Roue dentée,Rare,https://www.wowhead.com/mop-classic/fr/item= 77542
 77541, Engrenage de bricoleur lisse,Ingénierie, Roue dentée,Rare,https://www.wowhead.com/mop-classic/fr/item= 77541
 76686, Améthyste impériale purifiée,Fabriqué, Gemme violette,Rare,https://www.wowhead.com/mop-classic/fr/item= 76686
 87251, File-monde géosynchrone,Ingénierie, Monture,Rare,https://www.wowhead.com/mop-classic/fr/item= 87251
 77543, Engrenage de bricoleur précis,Ingénierie, Roue dentée,Rare,https://www.wowhead.com/mop-classic/fr/item= 77543
 76692, Rubis primordial délicat,Fabriqué, Gemme rouge,Rare,https://www.wowhead.com/mop-classic/fr/item= 76692
 77545, Engrenage de bricoleur rigide,Ingénierie, Roue dentée,Rare,https://www.wowhead.com/mop-classic/fr/item= 77545
 76680, Améthyste impériale luisante,Fabriqué, Gemme violette,Rare,https://www.wowhead.com/mop-classic/fr/item= 76680
 83088, Panthère de jade,Joaillerie, Monture,Rare,https://www.wowhead.com/mop-classic/fr/item= 83088
 83089, Panthère en héliolithe,Joaillerie, Monture,Rare,https://www.wowhead.com/mop-classic/fr/item= 83089
 79333, Eventail décoré,Calligraphie, Accessoire pour main gauche,Rare,https://www.wowhead.com/mop-classic/fr/item= 79333
 74247, Eclat éthérien,Fabriqué, Enchantement,Rare,https://www.wowhead.com/mop-classic/fr/item= 74247
 87578, Calligraphie d’aile de grue,Calligraphie, Amélioration d'objet permanente,Rare,https://www.wowhead.com/mop-classic/fr/item= 87578
 76682, Améthyste impériale voilée,Fabriqué, Gemme violette,Rare,https://www.wowhead.com/mop-classic/fr/item= 76682
 83087, Panthère de rubis,Joaillerie, Monture,Rare,https://www.wowhead.com/mop-classic/fr/item= 83087
 76660, Onyx vermillon tout-puissant,Fabriqué, Gemme orange,Rare,https://www.wowhead.com/mop-classic/fr/item= 76660
 76699, Rayon de soleil rapide,Fabriqué, Gemme jaune,Rare,https://www.wowhead.com/mop-classic/fr/item= 76699
 74725, Enchantement d’arme (Force élémentaire),Inconnu, Amélioration d'objet permanente,Rare,https://www.wowhead.com/mop-classic/fr/item= 74725
 76131, Rubis primordial,Fabriqué, Gemme rouge,Rare,https://www.wowhead.com/mop-classic/fr/item= 76131
 76138, Cœur du fleuve,Fabriqué, Gemme bleue,Rare,https://www.wowhead.com/mop-classic/fr/item= 76138
 77547, Engrenage de bricoleur cassé,Ingénierie, Roue dentée,Rare,https://www.wowhead.com/mop-classic/fr/item= 77547
 83090, Panthère de saphir,Joaillerie, Monture,Rare,https://www.wowhead.com/mop-classic/fr/item= 83090
 83763, Armure de jambe écaille-de-fer,Travail du Cuir, Amélioration d'objet permanente,Rare,https://www.wowhead.com/mop-classic/fr/item= 83763
 82970, Hache en fil de forge ouvragée,Forge, Hache à une main,Rare,https://www.wowhead.com/mop-classic/fr/item= 82970
 76658, Onyx vermillon mortel,Fabriqué, Gemme orange,Rare,https://www.wowhead.com/mop-classic/fr/item= 76658
 87579, Calligraphie de griffe de tigre,Calligraphie, Amélioration d'objet permanente,Rare,https://www.wowhead.com/mop-classic/fr/item= 87579
 76697, Rayon de soleil lisse,Fabriqué, Gemme jaune,Rare,https://www.wowhead.com/mop-classic/fr/item= 76697
 76661, Onyx vermillon intaillé,Fabriqué, Gemme orange,Rare,https://www.wowhead.com/mop-classic/fr/item= 76661
 82974, Eclat fantôme ouvragé,Forge, Dague,Rare,https://www.wowhead.com/mop-classic/fr/item= 82974
 76642, Jade sauvage foudroyant,Fabriqué, Gemme verte,Rare,https://www.wowhead.com/mop-classic/fr/item= 76642
 74728, Enchantement d’arme (Mélodie de la rivière),Inconnu, Amélioration d'objet permanente,Rare,https://www.wowhead.com/mop-classic/fr/item= 74728
 76696, Rubis primordial soutenu,Fabriqué, Gemme rouge,Rare,https://www.wowhead.com/mop-classic/fr/item= 76696
 76693, Rubis primordial précis,Fabriqué, Gemme rouge,Rare,https://www.wowhead.com/mop-classic/fr/item= 76693
 76672, Onyx vermillon artistique,Fabriqué, Gemme orange,Rare,https://www.wowhead.com/mop-classic/fr/item= 76672
 76140, Onyx vermillon,Fabriqué, Gemme orange,Rare,https://www.wowhead.com/mop-classic/fr/item= 76140
 76684, Améthyste impériale gravée,Fabriqué, Gemme violette,Rare,https://www.wowhead.com/mop-classic/fr/item= 76684
 76895, Diamant primordial austère,Fabriqué, Méta-gemme,Rare,https://www.wowhead.com/mop-classic/fr/item= 76895
 82973, Décimateur lamesprit ouvragé,Forge, Hache à deux mains,Rare,https://www.wowhead.com/mop-classic/fr/item= 82973
 76681, Améthyste impériale fiable,Fabriqué, Gemme violette,Rare,https://www.wowhead.com/mop-classic/fr/item= 76681
 76659, Onyx vermillon intelligent,Fabriqué, Gemme orange,Rare,https://www.wowhead.com/mop-classic/fr/item= 76659
 76664, Onyx vermillon infrangible,Fabriqué, Gemme orange,Rare,https://www.wowhead.com/mop-classic/fr/item= 76664
 76695, Rubis primordial miroitant,Fabriqué, Gemme rouge,Rare,https://www.wowhead.com/mop-classic/fr/item= 76695
 79342, Bâton d’ectofer,Calligraphie, Bâton,Rare,https://www.wowhead.com/mop-classic/fr/item= 79342
 87526, Petit dragon mécanique pandaren,Ingénierie, Compagnon,Rare,https://www.wowhead.com/mop-classic/fr/item= 87526
 76139, Jade sauvage,Fabriqué, Gemme verte,Rare,https://www.wowhead.com/mop-classic/fr/item= 76139
 87215, Générateur de tunnel spatiotemporel : Pandarie,Ingénierie, Appareil,Rare,https://www.wowhead.com/mop-classic/fr/item= 87215
 76670, Onyx vermillon adepte,Fabriqué, Gemme orange,Rare,https://www.wowhead.com/mop-classic/fr/item= 76670
 77544, Engrenage de bricoleur clignotant,Ingénierie, Roue dentée,Rare,https://www.wowhead.com/mop-classic/fr/item= 77544
 95536, Sac en peau magnifique,Travail du Cuir, Sac de travailleur du cuir,Rare,https://www.wowhead.com/mop-classic/fr/item= 95536
 87580, Calligraphie de croc de tigre,Calligraphie, Amélioration d'objet permanente,Rare,https://www.wowhead.com/mop-classic/fr/item= 87580
 76683, Améthyste impériale de représailles,Fabriqué, Gemme violette,Rare,https://www.wowhead.com/mop-classic/fr/item= 76683
 76666, Onyx vermillon adroit,Fabriqué, Gemme orange,Rare,https://www.wowhead.com/mop-classic/fr/item= 76666
 76636, Cœur du fleuve rigide,Fabriqué, Gemme bleue,Rare,https://www.wowhead.com/mop-classic/fr/item= 76636
 76641, Jade sauvage perforant,Fabriqué, Gemme verte,Rare,https://www.wowhead.com/mop-classic/fr/item= 76641
 76667, Onyx vermillon pernicieux,Fabriqué, Gemme orange,Rare,https://www.wowhead.com/mop-classic/fr/item= 76667
 74727, Enchantement d’arme (Colosse),Inconnu, Amélioration d'objet permanente,Rare,https://www.wowhead.com/mop-classic/fr/item= 74727
 77546, Engrenage de bricoleur étincelant,Ingénierie, Roue dentée,Rare,https://www.wowhead.com/mop-classic/fr/item= 77546
 76700, Rayon de soleil cassé,Fabriqué, Gemme jaune,Rare,https://www.wowhead.com/mop-classic/fr/item= 76700
 82774, Chouette de jade,Joaillerie, Compagnon,Rare,https://www.wowhead.com/mop-classic/fr/item= 82774
 76142, Rayon de soleil,Fabriqué, Gemme jaune,Rare,https://www.wowhead.com/mop-classic/fr/item= 76142
 94588, Réédition de la Lame Cœur-de-lion,Forge, Épée à deux mains,Rare,https://www.wowhead.com/mop-classic/fr/item= 94588
 76669, Onyx vermillon féroce,Fabriqué, Gemme orange,Rare,https://www.wowhead.com/mop-classic/fr/item= 76669
 79339, Bâton de pavot de pluie,Calligraphie, Bâton,Rare,https://www.wowhead.com/mop-classic/fr/item= 79339
 76141, Améthyste impériale,Fabriqué, Gemme violette,Rare,https://www.wowhead.com/mop-classic/fr/item= 76141
 89680, Améthyste impériale d’assassin,Fabriqué, Gemme violette,Rare,https://www.wowhead.com/mop-classic/fr/item= 89680
 76890, Diamant primordial destructeur,Fabriqué, Méta-gemme,Rare,https://www.wowhead.com/mop-classic/fr/item= 76890
 76649, Jade sauvage radieux,Fabriqué, Gemme verte,Rare,https://www.wowhead.com/mop-classic/fr/item= 76649
 82945, Cuirasse de revenant de belligérant,Forge, Armures en plaques,Rare,https://www.wowhead.com/mop-classic/fr/item= 82945
 92747, Unité réfrigérante améliorée,Ingénierie, Sac de cuisinier,Rare,https://www.wowhead.com/mop-classic/fr/item= 92747
 82775, Jeune tigre de saphir,Joaillerie, Compagnon,Rare,https://www.wowhead.com/mop-classic/fr/item= 82775
 82426, Crispins de belligérant en soie,Couture, Armures en tissu,Rare,https://www.wowhead.com/mop-classic/fr/item= 82426
 82972, Marteau fantasmatique ouvragé,Forge, Masse à une main,Rare,https://www.wowhead.com/mop-classic/fr/item= 82972
 82969, Bouclier de garde-esprit ouvragé,Forge, Bouclier,Rare,https://www.wowhead.com/mop-classic/fr/item= 82969
 76628, Grenat pandaren brillant parfait,Joaillerie, Gemme rouge,Rare,https://www.wowhead.com/mop-classic/fr/item= 76628
 76640, Jade sauvage brumeux,Fabriqué, Gemme verte,Rare,https://www.wowhead.com/mop-classic/fr/item= 76640
 76643, Jade sauvage de sensei,Fabriqué, Gemme verte,Rare,https://www.wowhead.com/mop-classic/fr/item= 76643
 76602, Opale du tigre téméraire parfaite,Joaillerie, Gemme orange,Rare,https://www.wowhead.com/mop-classic/fr/item= 76602
 90904, Bague ornée,Joaillerie, Anneau,Rare,https://www.wowhead.com/mop-classic/fr/item= 90904
 76620, Pierre sournoise purifiée parfaite,Joaillerie, Gemme violette,Rare,https://www.wowhead.com/mop-classic/fr/item= 76620
 87565, Clé des plans,Calligraphie, Bâton,Rare,https://www.wowhead.com/mop-classic/fr/item= 87565
 87577, Calligraphie de corne de buffle,Calligraphie, Amélioration d'objet permanente,Rare,https://www.wowhead.com/mop-classic/fr/item= 87577
 76674, Onyx vermillon habile,Fabriqué, Gemme orange,Rare,https://www.wowhead.com/mop-classic/fr/item= 76674
 82929, Cuirasse forgée par les fantômes,Fabriqué, Armures en plaques,Rare,https://www.wowhead.com/mop-classic/fr/item= 82929
 76651, Jade sauvage énergisé,Fabriqué, Gemme verte,Rare,https://www.wowhead.com/mop-classic/fr/item= 76651
 94903, Marmiton,Ingénierie, Compagnon,Rare,https://www.wowhead.com/mop-classic/fr/item= 94903
 77531, Lunette miroir,Fabriqué, Amélioration d'objet permanente,Rare,https://www.wowhead.com/mop-classic/fr/item= 77531
 76888, Diamant primordial revitalisant,Fabriqué, Méta-gemme,Rare,https://www.wowhead.com/mop-classic/fr/item= 76888
 77540, Engrenage de bricoleur subtil,Ingénierie, Roue dentée,Rare,https://www.wowhead.com/mop-classic/fr/item= 77540
 76614, Pierre sournoise luisante parfaite,Joaillerie, Gemme violette,Rare,https://www.wowhead.com/mop-classic/fr/item= 76614
 76626, Grenat pandaren délicat parfait,Joaillerie, Gemme rouge,Rare,https://www.wowhead.com/mop-classic/fr/item= 76626
 76576, Alexandrite foudroyante parfaite,Joaillerie, Gemme verte,Rare,https://www.wowhead.com/mop-classic/fr/item= 76576
 76633, Héliolite rapide parfaite,Joaillerie, Gemme jaune,Rare,https://www.wowhead.com/mop-classic/fr/item= 76633
 82928, Epaulières forgées par les fantômes,Fabriqué, Armures en plaques,Rare,https://www.wowhead.com/mop-classic/fr/item= 82928
 76631, Héliolite lisse parfaite,Joaillerie, Gemme jaune,Rare,https://www.wowhead.com/mop-classic/fr/item= 76631
 76891, Diamant primordial de puissance,Fabriqué, Méta-gemme,Rare,https://www.wowhead.com/mop-classic/fr/item= 76891
 76887, Diamant primordial véloce,Fabriqué, Méta-gemme,Rare,https://www.wowhead.com/mop-classic/fr/item= 76887
 82968, Bouclier ouvragé en sanctacier,Forge, Bouclier,Rare,https://www.wowhead.com/mop-classic/fr/item= 82968
 93622, Heaume artisanal du gladiateur effroyable en plaques,Forge, Armures en plaques,Rare,https://www.wowhead.com/mop-classic/fr/item= 93622
 93556, Chaperon artisanal du gladiateur effroyable en satin,Couture, Armures en tissu,Rare,https://www.wowhead.com/mop-classic/fr/item= 93556
 82927, Heaume forgé par les fantômes,Fabriqué, Armures en plaques,Rare,https://www.wowhead.com/mop-classic/fr/item= 82927
 76570, Lapis-lazuli rigide parfait,Joaillerie, Gemme bleue,Rare,https://www.wowhead.com/mop-classic/fr/item= 76570
 76685, Améthyste impériale mystérieuse,Fabriqué, Gemme violette,Rare,https://www.wowhead.com/mop-classic/fr/item= 76685
 82434, Crispins de belligérant en satin,Couture, Armures en tissu,Rare,https://www.wowhead.com/mop-classic/fr/item= 82434
 89674, Améthyste impériale contractée,Fabriqué, Gemme violette,Rare,https://www.wowhead.com/mop-classic/fr/item= 89674
 90905, Collier d’ombrefeu,Joaillerie, Amulette,Rare,https://www.wowhead.com/mop-classic/fr/item= 90905
 76575, Alexandrite perforante parfaite,Joaillerie, Gemme verte,Rare,https://www.wowhead.com/mop-classic/fr/item= 76575
 82971, Lame ouvragée forgée par les fantômes,Forge, Épée à une main,Rare,https://www.wowhead.com/mop-classic/fr/item= 82971
 76656, Jade sauvage surpuissant,Fabriqué, Gemme verte,Rare,https://www.wowhead.com/mop-classic/fr/item= 76656
 76688, Améthyste impériale de gardien,Fabriqué, Gemme violette,Rare,https://www.wowhead.com/mop-classic/fr/item= 76688
 93500, Capuche artisanale du gladiateur effroyable en soie,Couture, Armures en tissu,Rare,https://www.wowhead.com/mop-classic/fr/item= 93500
 83800, Anneau de chute du lion,Joaillerie, Anneau,Rare,https://www.wowhead.com/mop-classic/fr/item= 83800
 94581, Réédition du Marteau poing-de-drake,Forge, Masse à une main,Rare,https://www.wowhead.com/mop-classic/fr/item= 94581
 76616, Pierre sournoise voilée parfaite,Joaillerie, Gemme violette,Rare,https://www.wowhead.com/mop-classic/fr/item= 76616
 98786, Heaume artisanal du gladiateur malveillant en plaques d’effroi,Forge, Armures en plaques,Rare,https://www.wowhead.com/mop-classic/fr/item= 98786
 100905, Rob-les-Bons-Tuyaux,Ingénierie, Compagnon,Rare,https://www.wowhead.com/mop-classic/fr/item= 100905
 93608, Cape de prouesse artisanale du gladiateur effroyable,Couture, Cape,Rare,https://www.wowhead.com/mop-classic/fr/item= 93608
 77528, Carabine de précision en trillium,Ingénierie, Arme à feu,Rare,https://www.wowhead.com/mop-classic/fr/item= 77528
 76639, Cœur du fleuve solide,Fabriqué, Gemme bleue,Rare,https://www.wowhead.com/mop-classic/fr/item= 76639
 83798, Bague d’ombre en pierre sournoise,Joaillerie, Anneau,Rare,https://www.wowhead.com/mop-classic/fr/item= 83798
 76630, Grenat pandaren soutenu parfait,Joaillerie, Gemme rouge,Rare,https://www.wowhead.com/mop-classic/fr/item= 76630
 76638, Cœur du fleuve étincelant,Fabriqué, Gemme bleue,Rare,https://www.wowhead.com/mop-classic/fr/item= 76638
 93590, Cotte de mailles artisanale du gladiateur effroyable,Travail du Cuir, Armures en mailles,Rare,https://www.wowhead.com/mop-classic/fr/item= 93590
 93503, Amict artisanal du gladiateur effroyable en soie,Couture, Armures en tissu,Rare,https://www.wowhead.com/mop-classic/fr/item= 93503
 85804, Epaulières de belligérant en cuir,Travail du Cuir, Armures en cuir,Rare,https://www.wowhead.com/mop-classic/fr/item= 85804
 93455, Heaume artisanal du gladiateur effroyable en plaques d’effroi,Forge, Armures en plaques,Rare,https://www.wowhead.com/mop-classic/fr/item= 93455
 90492, Heaume en peau brumeuse,Travail du Cuir, Armures en cuir,Rare,https://www.wowhead.com/mop-classic/fr/item= 90492
 93420, Cape de cruauté artisanale du gladiateur effroyable,Couture, Cape,Rare,https://www.wowhead.com/mop-classic/fr/item= 93420
 94575, Réédition du Tranchant planaire,Forge, Hache à une main,Rare,https://www.wowhead.com/mop-classic/fr/item= 94575
 76627, Grenat pandaren précis parfait,Joaillerie, Gemme rouge,Rare,https://www.wowhead.com/mop-classic/fr/item= 76627
 82966, Décimateur lamesprit,Forge, Hache à deux mains,Rare,https://www.wowhead.com/mop-classic/fr/item= 82966
 93437, Drapé de cruauté artisanal du gladiateur effroyable,Couture, Cape,Rare,https://www.wowhead.com/mop-classic/fr/item= 93437
 76663, Onyx vermillon résolu,Fabriqué, Gemme orange,Rare,https://www.wowhead.com/mop-classic/fr/item= 76663
 83802, Reflet de la mer,Joaillerie, Amulette,Rare,https://www.wowhead.com/mop-classic/fr/item= 83802
 76606, Opale du tigre artistique parfaite,Joaillerie, Gemme orange,Rare,https://www.wowhead.com/mop-classic/fr/item= 76606
 94587, Réédition de la Garde du feu,Forge, Épée à une main,Rare,https://www.wowhead.com/mop-classic/fr/item= 94587
 82950, Ceinture de revenant de belligérant,Forge, Armures en plaques,Rare,https://www.wowhead.com/mop-classic/fr/item= 82950
 94576, Réédition du Croissant lunaire,Forge, Hache à deux mains,Rare,https://www.wowhead.com/mop-classic/fr/item= 94576
 93551, Heaume artisanal du gladiateur effroyable en étoffe lunaire,Couture, Armures en tissu,Rare,https://www.wowhead.com/mop-classic/fr/item= 93551
 82948, Brassards de revenant de belligérant,Forge, Armures en plaques,Rare,https://www.wowhead.com/mop-classic/fr/item= 82948
 77527, Chasseur de gros gibiers,Ingénierie, Arme à feu,Rare,https://www.wowhead.com/mop-classic/fr/item= 77527
 82422, Amict de belligérant en soie,Couture, Armures en tissu,Rare,https://www.wowhead.com/mop-classic/fr/item= 82422
 83801, Bague du sang,Joaillerie, Anneau,Rare,https://www.wowhead.com/mop-classic/fr/item= 83801
 76671, Onyx vermillon effilé,Fabriqué, Gemme orange,Rare,https://www.wowhead.com/mop-classic/fr/item= 76671
 82423, Grande tenue de belligérant en soie,Couture, Armures en tissu,Rare,https://www.wowhead.com/mop-classic/fr/item= 82423
 76592, Opale du tigre mortelle parfaite,Joaillerie, Gemme orange,Rare,https://www.wowhead.com/mop-classic/fr/item= 76592
 76601, Opale du tigre pernicieuse parfaite,Joaillerie, Gemme orange,Rare,https://www.wowhead.com/mop-classic/fr/item= 76601
 85796, Epaulières de belligérant en écailles de dragon,Travail du Cuir, Armures en mailles,Rare,https://www.wowhead.com/mop-classic/fr/item= 85796
 76897, Diamant primordial nitescent,Fabriqué, Méta-gemme,Rare,https://www.wowhead.com/mop-classic/fr/item= 76897
 82425, Pantalon de belligérant en soie,Couture, Armures en tissu,Rare,https://www.wowhead.com/mop-classic/fr/item= 82425
 93438, Drapé de prouesse artisanal du gladiateur effroyable,Couture, Cape,Rare,https://www.wowhead.com/mop-classic/fr/item= 93438
 76645, Jade sauvage zen,Fabriqué, Gemme verte,Rare,https://www.wowhead.com/mop-classic/fr/item= 76645
 85800, Corselet de belligérant en cuir,Travail du Cuir, Armures en cuir,Rare,https://www.wowhead.com/mop-classic/fr/item= 85800
 76879, Diamant primordial de braise,Fabriqué, Méta-gemme,Rare,https://www.wowhead.com/mop-classic/fr/item= 76879
 90478, Epaulières en éolaine,Couture, Armures en tissu,Rare,https://www.wowhead.com/mop-classic/fr/item= 90478
 93616, Capuche artisanale du gladiateur effroyable en tisse-gangrène,Couture, Armures en tissu,Rare,https://www.wowhead.com/mop-classic/fr/item= 93616
 90490, Epaulières en peau brumeuse,Travail du Cuir, Armures en cuir,Rare,https://www.wowhead.com/mop-classic/fr/item= 90490
 98827, Chausses artisanales du gladiateur malveillant en soie,Couture, Armures en tissu,Rare,https://www.wowhead.com/mop-classic/fr/item= 98827
 76593, Opale du tigre intelligente parfaite,Joaillerie, Gemme orange,Rare,https://www.wowhead.com/mop-classic/fr/item= 76593
 85818, Heaume de belligérant en peau de wyrm,Travail du Cuir, Armures en cuir,Rare,https://www.wowhead.com/mop-classic/fr/item= 85818
 93615, Garde-mains artisanaux du gladiateur effroyable en tisse-gangrène,Couture, Armures en tissu,Rare,https://www.wowhead.com/mop-classic/fr/item= 93615
 82946, Gantelets de revenant de belligérant,Forge, Armures en plaques,Rare,https://www.wowhead.com/mop-classic/fr/item= 82946
 98866, Heaume artisanal du gladiateur malveillant en étoffe lunaire,Couture, Armures en tissu,Rare,https://www.wowhead.com/mop-classic/fr/item= 98866
 82952, Epaulières spirituelles de belligérant,Forge, Armures en plaques,Rare,https://www.wowhead.com/mop-classic/fr/item= 82952
 93553, Robe artisanale du gladiateur effroyable en étoffe lunaire,Couture, Armures en tissu,Rare,https://www.wowhead.com/mop-classic/fr/item= 93553
 93571, Heaume en cuir artisanal du gladiateur effroyable,Travail du Cuir, Armures en cuir,Rare,https://www.wowhead.com/mop-classic/fr/item= 93571
 76618, Pierre sournoise gravée parfaite,Joaillerie, Gemme violette,Rare,https://www.wowhead.com/mop-classic/fr/item= 76618
 76654, Jade sauvage énergique,Fabriqué, Gemme verte,Rare,https://www.wowhead.com/mop-classic/fr/item= 76654
 90496, Bottes en peau brumeuse,Travail du Cuir, Armures en cuir,Rare,https://www.wowhead.com/mop-classic/fr/item= 90496
 76650, Jade sauvage brisé,Fabriqué, Gemme verte,Rare,https://www.wowhead.com/mop-classic/fr/item= 76650
 82431, Grande tenue de belligérant en satin,Couture, Armures en tissu,Rare,https://www.wowhead.com/mop-classic/fr/item= 82431
 82921, Cuirasse de garde-esprit ouvragée,Forge, Armures en plaques,Rare,https://www.wowhead.com/mop-classic/fr/item= 82921
 82944, Epaulières de revenant de belligérant,Forge, Armures en plaques,Rare,https://www.wowhead.com/mop-classic/fr/item= 82944
 82964, Lame forgée par les fantômes,Forge, Épée à une main,Rare,https://www.wowhead.com/mop-classic/fr/item= 82964
 83804, Chaîne de veuve,Joaillerie, Amulette,Rare,https://www.wowhead.com/mop-classic/fr/item= 83804
 85799, Brassards de belligérant en cuir,Travail du Cuir, Armures en cuir,Rare,https://www.wowhead.com/mop-classic/fr/item= 85799
 90487, Epaulières tempécaille,Travail du Cuir, Armures en mailles,Rare,https://www.wowhead.com/mop-classic/fr/item= 90487
 76673, Onyx vermillon raffiné,Fabriqué, Gemme orange,Rare,https://www.wowhead.com/mop-classic/fr/item= 76673
 83799, Chevalière de seigneur,Joaillerie, Anneau,Rare,https://www.wowhead.com/mop-classic/fr/item= 83799
 90494, Corselet en peau brumeuse,Travail du Cuir, Armures en cuir,Rare,https://www.wowhead.com/mop-classic/fr/item= 90494
 82947, Cuissards de revenant de belligérant,Forge, Armures en plaques,Rare,https://www.wowhead.com/mop-classic/fr/item= 82947
 93552, Jambières artisanales du gladiateur effroyable en étoffe lunaire,Couture, Armures en tissu,Rare,https://www.wowhead.com/mop-classic/fr/item= 93552
 76892, Diamant primordial énigmatique,Fabriqué, Méta-gemme,Rare,https://www.wowhead.com/mop-classic/fr/item= 76892
 82421, Capuche de belligérant en soie,Couture, Armures en tissu,Rare,https://www.wowhead.com/mop-classic/fr/item= 82421
 82932, Brassards forgés par les fantômes,Fabriqué, Armures en plaques,Rare,https://www.wowhead.com/mop-classic/fr/item= 82932
 90479, Chaperon en éolaine,Couture, Armures en tissu,Rare,https://www.wowhead.com/mop-classic/fr/item= 90479
 85820, Epaulières de belligérant en peau de wyrm,Travail du Cuir, Armures en cuir,Rare,https://www.wowhead.com/mop-classic/fr/item= 85820
 93501, Chausses artisanales du gladiateur effroyable en soie,Couture, Armures en tissu,Rare,https://www.wowhead.com/mop-classic/fr/item= 93501
 76647, Jade sauvage vif,Fabriqué, Gemme verte,Rare,https://www.wowhead.com/mop-classic/fr/item= 76647
 82933, Bottes forgées par les fantômes,Fabriqué, Armures en plaques,Rare,https://www.wowhead.com/mop-classic/fr/item= 82933
 76594, Opale du tigre toute-puissante parfaite,Joaillerie, Gemme orange,Rare,https://www.wowhead.com/mop-classic/fr/item= 76594
 82931, Cuissards forgés par les fantômes,Fabriqué, Armures en plaques,Rare,https://www.wowhead.com/mop-classic/fr/item= 82931
 76634, Héliolite fracturée parfaite,Joaillerie, Gemme jaune,Rare,https://www.wowhead.com/mop-classic/fr/item= 76634
 82965, Marteau fantasmatique,Forge, Masse à une main,Rare,https://www.wowhead.com/mop-classic/fr/item= 82965
 82919, Heaume de garde-esprit ouvragé,Forge, Armures en plaques,Rare,https://www.wowhead.com/mop-classic/fr/item= 82919
 87562, Bâton d’épine de rose,Calligraphie, Bâton,Rare,https://www.wowhead.com/mop-classic/fr/item= 87562
 93507, Gants artisanaux du gladiateur effroyable en peau-de-fer,Travail du Cuir, Armures en cuir,Rare,https://www.wowhead.com/mop-classic/fr/item= 93507
 82953, Cuirasse spirituelle de belligérant,Forge, Armures en plaques,Rare,https://www.wowhead.com/mop-classic/fr/item= 82953
 85797, Ceinture de belligérant en cuir,Travail du Cuir, Armures en cuir,Rare,https://www.wowhead.com/mop-classic/fr/item= 85797
 93435, Crispins de prouesse artisanaux du gladiateur effroyable,Couture, Armures en tissu,Rare,https://www.wowhead.com/mop-classic/fr/item= 93435
 98756, Cape de cruauté artisanale du gladiateur malveillant,Couture, Cape,Rare,https://www.wowhead.com/mop-classic/fr/item= 98756
 102483, Médaillon de ténacité artisanal du gladiateur malveillant,Calligraphie, Bijou,Rare,https://www.wowhead.com/mop-classic/fr/item= 102483
 76617, Pierre sournoise de répresailles parfaite,Joaillerie, Gemme violette,Rare,https://www.wowhead.com/mop-classic/fr/item= 76617
 76690, Améthyste impériale de défenseur,Fabriqué, Gemme violette,Rare,https://www.wowhead.com/mop-classic/fr/item= 76690
 76896, Diamant primordial éternel,Fabriqué, Méta-gemme,Rare,https://www.wowhead.com/mop-classic/fr/item= 76896
 82920, Epaulières de garde-esprit ouvragées,Forge, Armures en plaques,Rare,https://www.wowhead.com/mop-classic/fr/item= 82920
 85802, Heaume de belligérant en cuir,Travail du Cuir, Armures en cuir,Rare,https://www.wowhead.com/mop-classic/fr/item= 85802
 85817, Gants de belligérant en peau de wyrm,Travail du Cuir, Armures en cuir,Rare,https://www.wowhead.com/mop-classic/fr/item= 85817
 93505, Bottes d’empressement artisanales du gladiateur effroyable,Travail du Cuir, Armures en cuir,Rare,https://www.wowhead.com/mop-classic/fr/item= 93505
 93570, Gants en cuir artisanaux du gladiateur effroyable,Travail du Cuir, Armures en cuir,Rare,https://www.wowhead.com/mop-classic/fr/item= 93570
 85794, Heaume de belligérant en écailles de dragon,Travail du Cuir, Armures en mailles,Rare,https://www.wowhead.com/mop-classic/fr/item= 85794
 98798, Heaume en cuir de kodo artisanal du gladiateur malveillant,Travail du Cuir, Armures en cuir,Rare,https://www.wowhead.com/mop-classic/fr/item= 98798
 98922, Capuche artisanale du gladiateur malveillant en tisse-gangrène,Couture, Armures en tissu,Rare,https://www.wowhead.com/mop-classic/fr/item= 98922
 98930, Epaulières artisanales du gladiateur malveillant en plaques,Forge, Armures en plaques,Rare,https://www.wowhead.com/mop-classic/fr/item= 98930
 76894, Diamant primordial lugubre,Fabriqué, Méta-gemme,Rare,https://www.wowhead.com/mop-classic/fr/item= 76894
 85853, Drapé tempécaille,Travail du Cuir, Cape,Rare,https://www.wowhead.com/mop-classic/fr/item= 85853
 90495, Brassards en peau brumeuse,Travail du Cuir, Armures en cuir,Rare,https://www.wowhead.com/mop-classic/fr/item= 90495
 93618, Grande tenue artisanale du gladiateur effroyable en tisse-gangrène,Couture, Armures en tissu,Rare,https://www.wowhead.com/mop-classic/fr/item= 93618
 93624, Epaulières artisanales du gladiateur effroyable en plaques,Forge, Armures en plaques,Rare,https://www.wowhead.com/mop-classic/fr/item= 93624
 98835, Garde-jambes en peau-de-fer artisanaux du gladiateur malveillant,Travail du Cuir, Armures en cuir,Rare,https://www.wowhead.com/mop-classic/fr/item= 98835
 98913, Cape d’empressement artisanale du gladiateur malveillant,Couture, Cape,Rare,https://www.wowhead.com/mop-classic/fr/item= 98913
 98925, Amict artisanal du gladiateur malveillant en tisse-gangrène,Couture, Armures en tissu,Rare,https://www.wowhead.com/mop-classic/fr/item= 98925
 85813, Ceinture de belligérant en peau de wyrm,Travail du Cuir, Armures en cuir,Rare,https://www.wowhead.com/mop-classic/fr/item= 85813
 93502, Robe artisanale du gladiateur effroyable en soie,Couture, Armures en tissu,Rare,https://www.wowhead.com/mop-classic/fr/item= 93502
 93607, Cape d’empressement artisanale du gladiateur effroyable,Couture, Cape,Rare,https://www.wowhead.com/mop-classic/fr/item= 93607
 76579, Alexandrite zen parfaite,Joaillerie, Gemme verte,Rare,https://www.wowhead.com/mop-classic/fr/item= 76579
 76615, Pierre sournoise fiable parfaite,Joaillerie, Gemme violette,Rare,https://www.wowhead.com/mop-classic/fr/item= 76615
 93509, Heaume artisanal du gladiateur effroyable en peau-de-fer,Travail du Cuir, Armures en cuir,Rare,https://www.wowhead.com/mop-classic/fr/item= 93509
 76608, Opale du tigre habile parfaite,Joaillerie, Gemme orange,Rare,https://www.wowhead.com/mop-classic/fr/item= 76608
 76676, Onyx vermillon fragile,Fabriqué, Gemme orange,Rare,https://www.wowhead.com/mop-classic/fr/item= 76676
 76698, Rayon de soleil subtil,Fabriqué, Gemme jaune,Rare,https://www.wowhead.com/mop-classic/fr/item= 76698
 82429, Capuche de belligérant en satin,Couture, Armures en tissu,Rare,https://www.wowhead.com/mop-classic/fr/item= 82429
 89676, Pierre sournoise contractée parfaite,Joaillerie, Gemme violette,Rare,https://www.wowhead.com/mop-classic/fr/item= 89676
 93498, Spallières en anneaux artisanales du gladiateur effroyable,Travail du Cuir, Armures en mailles,Rare,https://www.wowhead.com/mop-classic/fr/item= 93498
 76598, Opale du tigre infrangible parfaite,Joaillerie, Gemme orange,Rare,https://www.wowhead.com/mop-classic/fr/item= 76598
 82428, Ceinture de belligérant en soie,Couture, Armures en tissu,Rare,https://www.wowhead.com/mop-classic/fr/item= 82428
 83796, Cœur de la terre,Joaillerie, Anneau,Rare,https://www.wowhead.com/mop-classic/fr/item= 83796
 85819, Jambières de belligérant en peau de wyrm,Travail du Cuir, Armures en cuir,Rare,https://www.wowhead.com/mop-classic/fr/item= 85819
 87561, Bâton damasquiné en argent,Calligraphie, Bâton,Rare,https://www.wowhead.com/mop-classic/fr/item= 87561
 89679, Pierre sournoise d’assassin parfaite,Joaillerie, Gemme violette,Rare,https://www.wowhead.com/mop-classic/fr/item= 89679
 93428, Corde de cruauté artisanale du gladiateur effroyable,Couture, Armures en tissu,Rare,https://www.wowhead.com/mop-classic/fr/item= 93428
 93431, Bottines de cruauté artisanales du gladiateur effroyable,Couture, Armures en tissu,Rare,https://www.wowhead.com/mop-classic/fr/item= 93431
 76585, Alexandrite énergisée parfaite,Joaillerie, Gemme verte,Rare,https://www.wowhead.com/mop-classic/fr/item= 76585
 76595, Opale du tigre intaillée parfaite,Joaillerie, Gemme orange,Rare,https://www.wowhead.com/mop-classic/fr/item= 76595
 76605, Opale du tigre effilée parfaite,Joaillerie, Gemme orange,Rare,https://www.wowhead.com/mop-classic/fr/item= 76605
 85792, Corselet de belligérant en écailles de dragon,Travail du Cuir, Armures en mailles,Rare,https://www.wowhead.com/mop-classic/fr/item= 85792
 93421, Pèlerine de prouesse artisanale du gladiateur effroyable,Couture, Cape,Rare,https://www.wowhead.com/mop-classic/fr/item= 93421
 93569, Tunique en cuir artisanale du gladiateur effroyable,Travail du Cuir, Armures en cuir,Rare,https://www.wowhead.com/mop-classic/fr/item= 93569
 94582, Réédition de Tonnerre,Forge, Masse à deux mains,Rare,https://www.wowhead.com/mop-classic/fr/item= 94582
 98772, Drapé de cruauté artisanal du gladiateur malveillant,Couture, Cape,Rare,https://www.wowhead.com/mop-classic/fr/item= 98772
 76577, Alexandrite de sensei parfaite,Joaillerie, Gemme verte,Rare,https://www.wowhead.com/mop-classic/fr/item= 76577
 76600, Opale du tigre adroite parfaite,Joaillerie, Gemme orange,Rare,https://www.wowhead.com/mop-classic/fr/item= 76600
 76604, Opale du tigre adepte parfaite,Joaillerie, Gemme orange,Rare,https://www.wowhead.com/mop-classic/fr/item= 76604
 82943, Heaume de revenant de belligérant,Forge, Armures en plaques,Rare,https://www.wowhead.com/mop-classic/fr/item= 82943
 82955, Cuissards spirituels de belligérant,Forge, Armures en plaques,Rare,https://www.wowhead.com/mop-classic/fr/item= 82955
 82967, Eclat fantôme,Forge, Dague,Rare,https://www.wowhead.com/mop-classic/fr/item= 82967
 85803, Jambières de belligérant en cuir,Travail du Cuir, Armures en cuir,Rare,https://www.wowhead.com/mop-classic/fr/item= 85803
 93521, Garde-jambes en cuivrepeau artisanaux du gladiateur effroyable,Travail du Cuir, Armures en cuir,Rare,https://www.wowhead.com/mop-classic/fr/item= 93521
 93619, Amict artisanal du gladiateur effroyable en tisse-gangrène,Couture, Armures en tissu,Rare,https://www.wowhead.com/mop-classic/fr/item= 93619
 98785, Gantelets artisanaux du gladiateur malveillant en plaques d’effroi,Forge, Armures en plaques,Rare,https://www.wowhead.com/mop-classic/fr/item= 98785
 76629, Grenat pandaren miroitant parfait,Joaillerie, Gemme rouge,Rare,https://www.wowhead.com/mop-classic/fr/item= 76629
 82430, Amict de belligérant en satin,Couture, Armures en tissu,Rare,https://www.wowhead.com/mop-classic/fr/item= 82430
 85789, Ceinture de belligérant en écailles de dragon,Travail du Cuir, Armures en mailles,Rare,https://www.wowhead.com/mop-classic/fr/item= 85789
 85852, Cape de frappe rapide,Travail du Cuir, Cape,Rare,https://www.wowhead.com/mop-classic/fr/item= 85852
 93429, Corde de précision artisanale du gladiateur effroyable,Couture, Armures en tissu,Rare,https://www.wowhead.com/mop-classic/fr/item= 93429
 93460, Garde-jambes artisanaux du gladiateur effroyable en peau de dragon,Travail du Cuir, Armures en cuir,Rare,https://www.wowhead.com/mop-classic/fr/item= 93460
 93573, Spallières en cuir artisanales du gladiateur effroyable,Travail du Cuir, Armures en cuir,Rare,https://www.wowhead.com/mop-classic/fr/item= 93573
 98770, Crispins de prouesse artisanaux du gladiateur malveillant,Couture, Armures en tissu,Rare,https://www.wowhead.com/mop-classic/fr/item= 98770
 82923, Cuissards de garde-esprit ouvragés,Forge, Armures en plaques,Rare,https://www.wowhead.com/mop-classic/fr/item= 82923
 82934, Ceinture forgée par les fantômes,Fabriqué, Armures en plaques,Rare,https://www.wowhead.com/mop-classic/fr/item= 82934
 83806, Pendentif en opale du tigre,Joaillerie, Amulette,Rare,https://www.wowhead.com/mop-classic/fr/item= 83806
 90477, Tunique en éolaine,Couture, Armures en tissu,Rare,https://www.wowhead.com/mop-classic/fr/item= 90477
 93457, Epaulières artisanales du gladiateur effroyable en plaques d’effroi,Forge, Armures en plaques,Rare,https://www.wowhead.com/mop-classic/fr/item= 93457
 93459, Heaume artisanal du gladiateur effroyable en peau de dragon,Travail du Cuir, Armures en cuir,Rare,https://www.wowhead.com/mop-classic/fr/item= 93459
 76583, Alexandrite radieuse parfaite,Joaillerie, Gemme verte,Rare,https://www.wowhead.com/mop-classic/fr/item= 76583
 82939, Cuissards ouvragés en sanctacier,Forge, Armures en plaques,Rare,https://www.wowhead.com/mop-classic/fr/item= 82939
 82951, Heaume spirituel de belligérant,Forge, Armures en plaques,Rare,https://www.wowhead.com/mop-classic/fr/item= 82951
 82958, Ceinture spirituelle de belligérant,Forge, Armures en plaques,Rare,https://www.wowhead.com/mop-classic/fr/item= 82958
 83803, Amulette brise-golem,Joaillerie, Amulette,Rare,https://www.wowhead.com/mop-classic/fr/item= 83803
 85790, Bottes de belligérant en écailles de dragon,Travail du Cuir, Armures en mailles,Rare,https://www.wowhead.com/mop-classic/fr/item= 85790
 85795, Jambières de belligérant en écailles de dragon,Travail du Cuir, Armures en mailles,Rare,https://www.wowhead.com/mop-classic/fr/item= 85795
 93458, Gants artisanaux du gladiateur effroyable en peau de dragon,Travail du Cuir, Armures en cuir,Rare,https://www.wowhead.com/mop-classic/fr/item= 93458
 93554, Mantelet artisanal du gladiateur effroyable en étoffe lunaire,Couture, Armures en tissu,Rare,https://www.wowhead.com/mop-classic/fr/item= 93554
 98764, Corde de précision artisanale du gladiateur malveillant,Couture, Armures en tissu,Rare,https://www.wowhead.com/mop-classic/fr/item= 98764
 76597, Opale du tigre résolue parfaite,Joaillerie, Gemme orange,Rare,https://www.wowhead.com/mop-classic/fr/item= 76597
 76893, Diamant primordial impassible,Fabriqué, Méta-gemme,Rare,https://www.wowhead.com/mop-classic/fr/item= 76893
 82926, Ceinture de garde-esprit ouvragée,Forge, Armures en plaques,Rare,https://www.wowhead.com/mop-classic/fr/item= 82926
 82936, Epaulières ouvragées en sanctacier,Forge, Armures en plaques,Rare,https://www.wowhead.com/mop-classic/fr/item= 82936
 85811, Jambières de belligérant en écailles,Travail du Cuir, Armures en mailles,Rare,https://www.wowhead.com/mop-classic/fr/item= 85811
 85816, Corselet de belligérant en peau de wyrm,Travail du Cuir, Armures en cuir,Rare,https://www.wowhead.com/mop-classic/fr/item= 85816
 90475, Pantalon en éolaine,Couture, Armures en tissu,Rare,https://www.wowhead.com/mop-classic/fr/item= 90475
 90483, Corselet tempécaille,Travail du Cuir, Armures en mailles,Rare,https://www.wowhead.com/mop-classic/fr/item= 90483
 93533, Fermoir de méditation artisanal du gladiateur effroyable,Forge, Armures en plaques,Rare,https://www.wowhead.com/mop-classic/fr/item= 93533
 93581, Heaume artisanal du gladiateur effroyable en mailles annelées,Travail du Cuir, Armures en mailles,Rare,https://www.wowhead.com/mop-classic/fr/item= 93581
 98828, Robe artisanale du gladiateur malveillant en soie,Couture, Armures en tissu,Rare,https://www.wowhead.com/mop-classic/fr/item= 98828
 76622, Pierre sournoise de gardien parfaite,Joaillerie, Gemme violette,Rare,https://www.wowhead.com/mop-classic/fr/item= 76622
 76677, Onyx vermillon obstiné,Fabriqué, Gemme orange,Rare,https://www.wowhead.com/mop-classic/fr/item= 76677
 82433, Pantalon de belligérant en satin,Couture, Armures en tissu,Rare,https://www.wowhead.com/mop-classic/fr/item= 82433
 85806, Bottes de belligérant en écailles,Travail du Cuir, Armures en mailles,Rare,https://www.wowhead.com/mop-classic/fr/item= 85806
 90473, Bottes en éolaine,Couture, Armures en tissu,Rare,https://www.wowhead.com/mop-classic/fr/item= 90473
 90485, Heaume tempécaille,Travail du Cuir, Armures en mailles,Rare,https://www.wowhead.com/mop-classic/fr/item= 90485
 93513, Spallières artisanales du gladiateur effroyable en peau-de-fer,Travail du Cuir, Armures en cuir,Rare,https://www.wowhead.com/mop-classic/fr/item= 93513
 93592, Heaume artisanal du gladiateur effroyable en mailles,Travail du Cuir, Armures en mailles,Rare,https://www.wowhead.com/mop-classic/fr/item= 93592
 98784, Plastron artisanal du gladiateur malveillant en plaques d’effroi,Forge, Armures en plaques,Rare,https://www.wowhead.com/mop-classic/fr/item= 98784
 76573, Lapis-lazuli solide parfait,Joaillerie, Gemme bleue,Rare,https://www.wowhead.com/mop-classic/fr/item= 76573
 82925, Bottes de garde-esprit ouvragées,Forge, Armures en plaques,Rare,https://www.wowhead.com/mop-classic/fr/item= 82925
 82949, Bottes de revenant de belligérant,Forge, Armures en plaques,Rare,https://www.wowhead.com/mop-classic/fr/item= 82949
 82956, Brassards spirituels de belligérant,Forge, Armures en plaques,Rare,https://www.wowhead.com/mop-classic/fr/item= 82956
 85798, Bottes de belligérant en cuir,Travail du Cuir, Armures en cuir,Rare,https://www.wowhead.com/mop-classic/fr/item= 85798
 85807, Brassards de belligérant en écailles,Travail du Cuir, Armures en mailles,Rare,https://www.wowhead.com/mop-classic/fr/item= 85807
 85812, Epaulières de belligérant en écailles,Travail du Cuir, Armures en mailles,Rare,https://www.wowhead.com/mop-classic/fr/item= 85812
 85814, Bottes de belligérant en peau de wyrm,Travail du Cuir, Armures en cuir,Rare,https://www.wowhead.com/mop-classic/fr/item= 85814
 92726, Gants de Bipsi,Couture, Armures en tissu,Rare,https://www.wowhead.com/mop-classic/fr/item= 92726
 93467, Heaume artisanal du gladiateur effroyable en cuir de kodo,Travail du Cuir, Armures en cuir,Rare,https://www.wowhead.com/mop-classic/fr/item= 93467
 93499, Garde-mains artisanaux du gladiateur effroyable en soie,Couture, Armures en tissu,Rare,https://www.wowhead.com/mop-classic/fr/item= 93499
 93542, Spallières ornementées artisanales du gladiateur effroyable,Forge, Armures en plaques,Rare,https://www.wowhead.com/mop-classic/fr/item= 93542
 93550, Gants artisanaux du gladiateur effroyable en étoffe lunaire,Couture, Armures en tissu,Rare,https://www.wowhead.com/mop-classic/fr/item= 93550
 98757, Pèlerine de prouesse artisanale du gladiateur malveillant,Couture, Cape,Rare,https://www.wowhead.com/mop-classic/fr/item= 98757
 98845, Heaume artisanal du gladiateur malveillant en écailles,Forge, Armures en plaques,Rare,https://www.wowhead.com/mop-classic/fr/item= 98845
 98873, Robe artisanale du gladiateur malveillant en satin,Couture, Armures en tissu,Rare,https://www.wowhead.com/mop-classic/fr/item= 98873
 98884, Tunique en cuir artisanale du gladiateur malveillant,Travail du Cuir, Armures en cuir,Rare,https://www.wowhead.com/mop-classic/fr/item= 98884
 76691, Améthyste impériale souveraine,Fabriqué, Gemme violette,Rare,https://www.wowhead.com/mop-classic/fr/item= 76691
 82436, Ceinture de belligérant en satin,Couture, Armures en tissu,Rare,https://www.wowhead.com/mop-classic/fr/item= 82436
 82930, Gantelets forgés par les fantômes,Fabriqué, Armures en plaques,Rare,https://www.wowhead.com/mop-classic/fr/item= 82930
 82963, Hache en fil de forge,Forge, Hache à une main,Rare,https://www.wowhead.com/mop-classic/fr/item= 82963
 85791, Brassards de belligérant en écailles de dragon,Travail du Cuir, Armures en mailles,Rare,https://www.wowhead.com/mop-classic/fr/item= 85791
 90497, Ceinture en peau brumeuse,Travail du Cuir, Armures en cuir,Rare,https://www.wowhead.com/mop-classic/fr/item= 90497
 93559, Mantelet artisanal du gladiateur effroyable en satin,Couture, Armures en tissu,Rare,https://www.wowhead.com/mop-classic/fr/item= 93559
 93572, Garde-jambes en cuir artisanaux du gladiateur effroyable,Travail du Cuir, Armures en cuir,Rare,https://www.wowhead.com/mop-classic/fr/item= 93572
 98810, Redoute artisanale du gladiateur malveillant,Forge, Bouclier,Rare,https://www.wowhead.com/mop-classic/fr/item= 98810
 98920, Pavois artisanal du gladiateur malveillant,Forge, Bouclier,Rare,https://www.wowhead.com/mop-classic/fr/item= 98920
 82940, Brassards ouvragés en sanctacier,Forge, Armures en plaques,Rare,https://www.wowhead.com/mop-classic/fr/item= 82940
 93456, Garde-jambes artisanaux du gladiateur effroyable en plaques d’effroi,Forge, Armures en plaques,Rare,https://www.wowhead.com/mop-classic/fr/item= 93456
 93523, Spallières en cuivrepeau artisanales du gladiateur effroyable,Travail du Cuir, Armures en cuir,Rare,https://www.wowhead.com/mop-classic/fr/item= 93523
 98821, Gantelets en anneaux artisanaux du gladiateur malveillant,Travail du Cuir, Armures en mailles,Rare,https://www.wowhead.com/mop-classic/fr/item= 98821
 98842, Tunique en cuivrepeau artisanale du gladiateur malveillant,Travail du Cuir, Armures en cuir,Rare,https://www.wowhead.com/mop-classic/fr/item= 98842
 98887, Garde-jambes en cuir artisanaux du gladiateur malveillant,Travail du Cuir, Armures en cuir,Rare,https://www.wowhead.com/mop-classic/fr/item= 98887
 98928, Heaume artisanal du gladiateur malveillant en plaques,Forge, Armures en plaques,Rare,https://www.wowhead.com/mop-classic/fr/item= 98928
 76619, Pierre sournoise mystérieuse parfaite,Joaillerie, Gemme violette,Rare,https://www.wowhead.com/mop-classic/fr/item= 76619
 76624, Pierre sournoise de défenseur parfaite,Joaillerie, Gemme violette,Rare,https://www.wowhead.com/mop-classic/fr/item= 76624
 76648, Jade sauvage trouble,Fabriqué, Gemme verte,Rare,https://www.wowhead.com/mop-classic/fr/item= 76648
 76652, Jade sauvage dentelé,Fabriqué, Gemme verte,Rare,https://www.wowhead.com/mop-classic/fr/item= 76652
 82954, Gantelets spirituels de belligérant,Forge, Armures en plaques,Rare,https://www.wowhead.com/mop-classic/fr/item= 82954
 82957, Bottes spirituelles de belligérant,Forge, Armures en plaques,Rare,https://www.wowhead.com/mop-classic/fr/item= 82957
 83805, Cercle de mageciel,Joaillerie, Amulette,Rare,https://www.wowhead.com/mop-classic/fr/item= 83805
 93439, Drapé de méditation artisanal du gladiateur effroyable,Couture, Cape,Rare,https://www.wowhead.com/mop-classic/fr/item= 93439
 93479, Spallières artisanales du gladiateur effroyable en peau de wyrm,Travail du Cuir, Armures en cuir,Rare,https://www.wowhead.com/mop-classic/fr/item= 93479
 93495, Gantelets en anneaux artisanaux du gladiateur effroyable,Travail du Cuir, Armures en mailles,Rare,https://www.wowhead.com/mop-classic/fr/item= 93495
 93496, Heaume en anneaux artisanal du gladiateur effroyable,Travail du Cuir, Armures en mailles,Rare,https://www.wowhead.com/mop-classic/fr/item= 93496
 93525, Tunique en cuivrepeau artisanale du gladiateur effroyable,Travail du Cuir, Armures en cuir,Rare,https://www.wowhead.com/mop-classic/fr/item= 93525
 93588, Spallières rivetées artisanales du gladiateur effroyable,Travail du Cuir, Armures en mailles,Rare,https://www.wowhead.com/mop-classic/fr/item= 93588
 98774, Drapé de méditation artisanal du gladiateur malveillant,Couture, Cape,Rare,https://www.wowhead.com/mop-classic/fr/item= 98774
 98787, Garde-jambes artisanaux du gladiateur malveillant en plaques d’effroi,Forge, Armures en plaques,Rare,https://www.wowhead.com/mop-classic/fr/item= 98787
 98929, Garde-jambes artisanaux du gladiateur malveillant en plaques,Forge, Armures en plaques,Rare,https://www.wowhead.com/mop-classic/fr/item= 98929
 76586, Alexandrite dentelée parfaite,Joaillerie, Gemme verte,Rare,https://www.wowhead.com/mop-classic/fr/item= 76586
 76591, Alexandrite stable parfaite,Joaillerie, Gemme verte,Rare,https://www.wowhead.com/mop-classic/fr/item= 76591
 76635, Héliolite mystique parfaite,Joaillerie, Gemme jaune,Rare,https://www.wowhead.com/mop-classic/fr/item= 76635
 76637, Cœur du fleuve orageux,Fabriqué, Gemme bleue,Rare,https://www.wowhead.com/mop-classic/fr/item= 76637
 76701, Rayon de soleil mystique,Fabriqué, Gemme jaune,Rare,https://www.wowhead.com/mop-classic/fr/item= 76701
 82432, Protège-mains de belligérant en satin,Couture, Armures en tissu,Rare,https://www.wowhead.com/mop-classic/fr/item= 82432
 82435, Bottillons de belligérant en satin,Couture, Armures en tissu,Rare,https://www.wowhead.com/mop-classic/fr/item= 82435
 82938, Gantelets ouvragés en sanctacier,Forge, Armures en plaques,Rare,https://www.wowhead.com/mop-classic/fr/item= 82938
 85808, Corselet de belligérant en écailles,Travail du Cuir, Armures en mailles,Rare,https://www.wowhead.com/mop-classic/fr/item= 85808
 85809, Gants de belligérant en écailles,Travail du Cuir, Armures en mailles,Rare,https://www.wowhead.com/mop-classic/fr/item= 85809
 90472, Ceinture en éolaine,Couture, Armures en tissu,Rare,https://www.wowhead.com/mop-classic/fr/item= 90472
 93492, Garde-poignets d’empressement artisanaux du gladiateur effroyable,Travail du Cuir, Armures en mailles,Rare,https://www.wowhead.com/mop-classic/fr/item= 93492
 93543, Ceinturon de précision artisanal du gladiateur effroyable,Forge, Armures en plaques,Rare,https://www.wowhead.com/mop-classic/fr/item= 93543
 93547, Plaques de bras d’expertise artisanales du gladiateur effroyable,Forge, Armures en plaques,Rare,https://www.wowhead.com/mop-classic/fr/item= 93547
 93577, Bracières de prouesse artisanales du gladiateur effroyable,Travail du Cuir, Armures en mailles,Rare,https://www.wowhead.com/mop-classic/fr/item= 93577
 93586, Heaume riveté artisanal du gladiateur effroyable,Travail du Cuir, Armures en mailles,Rare,https://www.wowhead.com/mop-classic/fr/item= 93586
 98830, Baudrier de cruauté artisanal du gladiateur malveillant,Travail du Cuir, Armures en cuir,Rare,https://www.wowhead.com/mop-classic/fr/item= 98830
 98853, Brassards de méditation artisanaux du gladiateur malveillant,Forge, Armures en plaques,Rare,https://www.wowhead.com/mop-classic/fr/item= 98853
 98892, Bracières de prouesse artisanales du gladiateur malveillant,Travail du Cuir, Armures en mailles,Rare,https://www.wowhead.com/mop-classic/fr/item= 98892
 98914, Cape de prouesse artisanale du gladiateur malveillant,Couture, Cape,Rare,https://www.wowhead.com/mop-classic/fr/item= 98914
 98921, Garde-mains artisanaux du gladiateur malveillant en tisse-gangrène,Couture, Armures en tissu,Rare,https://www.wowhead.com/mop-classic/fr/item= 98921
 76574, Alexandrite brumeuse parfaite,Joaillerie, Gemme verte,Rare,https://www.wowhead.com/mop-classic/fr/item= 76574
 76665, Onyx vermillon de champion,Fabriqué, Gemme orange,Rare,https://www.wowhead.com/mop-classic/fr/item= 76665
 82922, Gantelets de garde-esprit ouvragés,Forge, Armures en plaques,Rare,https://www.wowhead.com/mop-classic/fr/item= 82922
 82924, Brassards de garde-esprit ouvragés,Forge, Armures en plaques,Rare,https://www.wowhead.com/mop-classic/fr/item= 82924
 82941, Bottes ouvragées en sanctacier,Forge, Armures en plaques,Rare,https://www.wowhead.com/mop-classic/fr/item= 82941
 85805, Ceinture de belligérant en écailles,Travail du Cuir, Armures en mailles,Rare,https://www.wowhead.com/mop-classic/fr/item= 85805
 85815, Brassards de belligérant en peau de wyrm,Travail du Cuir, Armures en cuir,Rare,https://www.wowhead.com/mop-classic/fr/item= 85815
 90474, Brassards en éolaine,Couture, Armures en tissu,Rare,https://www.wowhead.com/mop-classic/fr/item= 90474
 98776, Barrière artisanale du gladiateur malveillant,Forge, Bouclier,Rare,https://www.wowhead.com/mop-classic/fr/item= 98776
 98806, Heaume artisanal du gladiateur malveillant en peau de wyrm,Travail du Cuir, Armures en cuir,Rare,https://www.wowhead.com/mop-classic/fr/item= 98806
 98817, Solerets d’empressement artisanaux du gladiateur malveillant,Travail du Cuir, Armures en mailles,Rare,https://www.wowhead.com/mop-classic/fr/item= 98817
 98829, Amict artisanal du gladiateur malveillant en soie,Couture, Armures en tissu,Rare,https://www.wowhead.com/mop-classic/fr/item= 98829
 98848, Fermoir de cruauté artisanal du gladiateur malveillant,Forge, Armures en plaques,Rare,https://www.wowhead.com/mop-classic/fr/item= 98848
 98865, Gants artisanaux du gladiateur malveillant en étoffe lunaire,Couture, Armures en tissu,Rare,https://www.wowhead.com/mop-classic/fr/item= 98865
 98872, Jambières artisanales du gladiateur malveillant en satin,Couture, Armures en tissu,Rare,https://www.wowhead.com/mop-classic/fr/item= 98872
 76571, Lapis-lazuli orageux parfait,Joaillerie, Gemme bleue,Rare,https://www.wowhead.com/mop-classic/fr/item= 76571
 90484, Gants tempécaille,Travail du Cuir, Armures en mailles,Rare,https://www.wowhead.com/mop-classic/fr/item= 90484
 93432, Bottines d’empressement artisanales du gladiateur effroyable,Couture, Armures en tissu,Rare,https://www.wowhead.com/mop-classic/fr/item= 93432
 93488, Liens de cruauté artisanaux du gladiateur effroyable,Travail du Cuir, Armures en mailles,Rare,https://www.wowhead.com/mop-classic/fr/item= 93488
 93491, Solerets d’empressement artisanaux du gladiateur effroyable,Travail du Cuir, Armures en mailles,Rare,https://www.wowhead.com/mop-classic/fr/item= 93491
 93506, Couvre-bras de précision artisanaux du gladiateur effroyable,Travail du Cuir, Armures en cuir,Rare,https://www.wowhead.com/mop-classic/fr/item= 93506
 93517, Gants en cuivrepeau artisanaux du gladiateur effroyable,Travail du Cuir, Armures en cuir,Rare,https://www.wowhead.com/mop-classic/fr/item= 93517
 93527, Plastron artisanal du gladiateur effroyable en écailles,Forge, Armures en plaques,Rare,https://www.wowhead.com/mop-classic/fr/item= 93527
 93540, Bassinet ornementé artisanal du gladiateur effroyable,Forge, Armures en plaques,Rare,https://www.wowhead.com/mop-classic/fr/item= 93540
 93546, Bottes de guerre d’empressement artisanales du gladiateur effroyable,Forge, Armures en plaques,Rare,https://www.wowhead.com/mop-classic/fr/item= 93546
 93558, Robe artisanale du gladiateur effroyable en satin,Couture, Armures en tissu,Rare,https://www.wowhead.com/mop-classic/fr/item= 93558
 98769, Crispins de précision artisanaux du gladiateur malveillant,Couture, Armures en tissu,Rare,https://www.wowhead.com/mop-classic/fr/item= 98769
 98796, Manchettes de méditation artisanales du gladiateur malveillant,Travail du Cuir, Armures en cuir,Rare,https://www.wowhead.com/mop-classic/fr/item= 98796
 98814, Liens de cruauté artisanaux du gladiateur malveillant,Travail du Cuir, Armures en mailles,Rare,https://www.wowhead.com/mop-classic/fr/item= 98814
 98824, Spallières en anneaux artisanales du gladiateur malveillant,Travail du Cuir, Armures en mailles,Rare,https://www.wowhead.com/mop-classic/fr/item= 98824
 98831, Bottes d’empressement artisanales du gladiateur malveillant,Travail du Cuir, Armures en cuir,Rare,https://www.wowhead.com/mop-classic/fr/item= 98831
 98841, Spallières en cuivrepeau artisanales du gladiateur malveillant,Travail du Cuir, Armures en cuir,Rare,https://www.wowhead.com/mop-classic/fr/item= 98841
 98856, Bassinet ornementé artisanal du gladiateur malveillant,Forge, Armures en plaques,Rare,https://www.wowhead.com/mop-classic/fr/item= 98856
 76689, Améthyste impériale intemporelle,Fabriqué, Gemme violette,Rare,https://www.wowhead.com/mop-classic/fr/item= 76689
 82424, Protège-mains de belligérant en soie,Couture, Armures en tissu,Rare,https://www.wowhead.com/mop-classic/fr/item= 82424
 85810, Heaume de belligérant en écailles,Travail du Cuir, Armures en mailles,Rare,https://www.wowhead.com/mop-classic/fr/item= 85810
 93433, Bottines de méditation artisanales du gladiateur effroyable,Couture, Armures en tissu,Rare,https://www.wowhead.com/mop-classic/fr/item= 93433
 93436, Crispins de méditation artisanaux du gladiateur effroyable,Couture, Armures en tissu,Rare,https://www.wowhead.com/mop-classic/fr/item= 93436
 93463, Ceinture de méditation artisanale du gladiateur effroyable,Travail du Cuir, Armures en cuir,Rare,https://www.wowhead.com/mop-classic/fr/item= 93463
 93494, Cotte d’anneaux artisanale du gladiateur effroyable,Travail du Cuir, Armures en mailles,Rare,https://www.wowhead.com/mop-classic/fr/item= 93494
 93519, Heaume en cuivrepeau artisanal du gladiateur effroyable,Travail du Cuir, Armures en cuir,Rare,https://www.wowhead.com/mop-classic/fr/item= 93519
 93545, Bottes de guerre de cruauté artisanales du gladiateur effroyable,Forge, Armures en plaques,Rare,https://www.wowhead.com/mop-classic/fr/item= 93545
 93557, Jambières artisanales du gladiateur effroyable en satin,Couture, Armures en tissu,Rare,https://www.wowhead.com/mop-classic/fr/item= 93557
 93617, Chausses artisanales du gladiateur effroyable en tisse-gangrène,Couture, Armures en tissu,Rare,https://www.wowhead.com/mop-classic/fr/item= 93617
 93623, Garde-jambes artisanaux du gladiateur effroyable en plaques,Forge, Armures en plaques,Rare,https://www.wowhead.com/mop-classic/fr/item= 93623
 98792, Robe artisanale du gladiateur malveillant en peau de dragon,Travail du Cuir, Armures en cuir,Rare,https://www.wowhead.com/mop-classic/fr/item= 98792
 98822, Heaume en anneaux artisanal du gladiateur malveillant,Travail du Cuir, Armures en mailles,Rare,https://www.wowhead.com/mop-classic/fr/item= 98822
 98826, Capuche artisanale du gladiateur malveillant en soie,Couture, Armures en tissu,Rare,https://www.wowhead.com/mop-classic/fr/item= 98826
 98839, Heaume en cuivrepeau artisanal du gladiateur malveillant,Travail du Cuir, Armures en cuir,Rare,https://www.wowhead.com/mop-classic/fr/item= 98839
 98851, Grèves de méditation artisanales du gladiateur malveillant,Forge, Armures en plaques,Rare,https://www.wowhead.com/mop-classic/fr/item= 98851
 98857, Cuissards ornementés artisanaux du gladiateur malveillant,Forge, Armures en plaques,Rare,https://www.wowhead.com/mop-classic/fr/item= 98857
 98858, Spallières ornementées artisanales du gladiateur malveillant,Forge, Armures en plaques,Rare,https://www.wowhead.com/mop-classic/fr/item= 98858
 98882, Bottes de cruauté artisanales du gladiateur malveillant,Travail du Cuir, Armures en cuir,Rare,https://www.wowhead.com/mop-classic/fr/item= 98882
 98905, Cotte de mailles artisanale du gladiateur malveillant,Travail du Cuir, Armures en mailles,Rare,https://www.wowhead.com/mop-classic/fr/item= 98905
 98908, Jambières artisanales du gladiateur malveillant en mailles,Travail du Cuir, Armures en mailles,Rare,https://www.wowhead.com/mop-classic/fr/item= 98908
 98923, Chausses artisanales du gladiateur malveillant en tisse-gangrène,Couture, Armures en tissu,Rare,https://www.wowhead.com/mop-classic/fr/item= 98923
 76572, Lapis-lazuli étincelant parfait,Joaillerie, Gemme bleue,Rare,https://www.wowhead.com/mop-classic/fr/item= 76572
 76581, Alexandrite vive parfaite,Joaillerie, Gemme verte,Rare,https://www.wowhead.com/mop-classic/fr/item= 76581
 76584, Alexandrite brisée parfaite,Joaillerie, Gemme verte,Rare,https://www.wowhead.com/mop-classic/fr/item= 76584
 76603, Opale du tigre féroce parfaite,Joaillerie, Gemme orange,Rare,https://www.wowhead.com/mop-classic/fr/item= 76603
 76679, Onyx vermillon resplendissant,Fabriqué, Gemme orange,Rare,https://www.wowhead.com/mop-classic/fr/item= 76679
 90481, Bottes tempécaille,Travail du Cuir, Armures en mailles,Rare,https://www.wowhead.com/mop-classic/fr/item= 90481
 90486, Jambières tempécaille,Travail du Cuir, Armures en mailles,Rare,https://www.wowhead.com/mop-classic/fr/item= 90486
 93462, Spallières artisanales du gladiateur effroyable en peau de dragon,Travail du Cuir, Armures en cuir,Rare,https://www.wowhead.com/mop-classic/fr/item= 93462
 93477, Garde-jambes artisanaux du gladiateur effroyable en peau de wyrm,Travail du Cuir, Armures en cuir,Rare,https://www.wowhead.com/mop-classic/fr/item= 93477
 93504, Baudrier de cruauté artisanal du gladiateur effroyable,Travail du Cuir, Armures en cuir,Rare,https://www.wowhead.com/mop-classic/fr/item= 93504
 93544, Ceinturon de prouesse artisanal du gladiateur effroyable,Forge, Armures en plaques,Rare,https://www.wowhead.com/mop-classic/fr/item= 93544
 93575, Protège-tibias d’empressement artisanaux du gladiateur effroyable en mailles,Travail du Cuir, Armures en mailles,Rare,https://www.wowhead.com/mop-classic/fr/item= 93575
 93578, Bracières de méditation artisanales du gladiateur effroyable,Travail du Cuir, Armures en mailles,Rare,https://www.wowhead.com/mop-classic/fr/item= 93578
 93705, Jade sauvage leste,Fabriqué, Gemme verte,Rare,https://www.wowhead.com/mop-classic/fr/item= 93705
 98797, Gants en cuir de kodo artisanaux du gladiateur malveillant,Travail du Cuir, Armures en cuir,Rare,https://www.wowhead.com/mop-classic/fr/item= 98797
 98799, Garde-jambes en cuir de kodo artisanaux du gladiateur malveillant,Travail du Cuir, Armures en cuir,Rare,https://www.wowhead.com/mop-classic/fr/item= 98799
 98800, Robe en cuir de kodo artisanale du gladiateur malveillant,Travail du Cuir, Armures en cuir,Rare,https://www.wowhead.com/mop-classic/fr/item= 98800
 98825, Garde-mains artisanaux du gladiateur malveillant en soie,Couture, Armures en tissu,Rare,https://www.wowhead.com/mop-classic/fr/item= 98825
 98864, Plaques de bras d’empressement artisanales du gladiateur malveillant,Forge, Armures en plaques,Rare,https://www.wowhead.com/mop-classic/fr/item= 98864
 98867, Jambières artisanales du gladiateur malveillant en étoffe lunaire,Couture, Armures en tissu,Rare,https://www.wowhead.com/mop-classic/fr/item= 98867
 98874, Mantelet artisanal du gladiateur malveillant en satin,Couture, Armures en tissu,Rare,https://www.wowhead.com/mop-classic/fr/item= 98874
 76687, Améthyste impériale changeante,Fabriqué, Gemme violette,Rare,https://www.wowhead.com/mop-classic/fr/item= 76687
 82427, Bottillons de belligérant en soie,Couture, Armures en tissu,Rare,https://www.wowhead.com/mop-classic/fr/item= 82427
 90491, Jambières en peau brumeuse,Travail du Cuir, Armures en cuir,Rare,https://www.wowhead.com/mop-classic/fr/item= 90491
 93454, Gantelets artisanaux du gladiateur effroyable en plaques d’effroi,Forge, Armures en plaques,Rare,https://www.wowhead.com/mop-classic/fr/item= 93454
 93468, Garde-jambes artisanaux du gladiateur effroyable en cuir de kodo,Travail du Cuir, Armures en cuir,Rare,https://www.wowhead.com/mop-classic/fr/item= 93468
 93470, Spallières artisanales du gladiateur effroyable en cuir de kodo,Travail du Cuir, Armures en cuir,Rare,https://www.wowhead.com/mop-classic/fr/item= 93470
 93532, Fermoir de cruauté artisanal du gladiateur effroyable,Forge, Armures en plaques,Rare,https://www.wowhead.com/mop-classic/fr/item= 93532
 93567, Bottes de cruauté artisanales du gladiateur effroyable,Travail du Cuir, Armures en cuir,Rare,https://www.wowhead.com/mop-classic/fr/item= 93567
 93593, Jambières artisanales du gladiateur effroyable en mailles,Travail du Cuir, Armures en mailles,Rare,https://www.wowhead.com/mop-classic/fr/item= 93593
 93620, Plastron artisanal du gladiateur effroyable en plaques,Forge, Armures en plaques,Rare,https://www.wowhead.com/mop-classic/fr/item= 93620
 98801, Spallières en cuir de kodo artisanales du gladiateur malveillant,Travail du Cuir, Armures en cuir,Rare,https://www.wowhead.com/mop-classic/fr/item= 98801
 98802, Ceinture de cruauté artisanale du gladiateur malveillant,Travail du Cuir, Armures en cuir,Rare,https://www.wowhead.com/mop-classic/fr/item= 98802
 98807, Garde-jambes artisanaux du gladiateur malveillant en peau de wyrm,Travail du Cuir, Armures en cuir,Rare,https://www.wowhead.com/mop-classic/fr/item= 98807
 98852, Brassards de prouesse artisanaux du gladiateur malveillant,Forge, Armures en plaques,Rare,https://www.wowhead.com/mop-classic/fr/item= 98852
 98855, Gants ornementés artisanaux du gladiateur malveillant,Forge, Armures en plaques,Rare,https://www.wowhead.com/mop-classic/fr/item= 98855
 98893, Bracières de méditation artisanales du gladiateur malveillant,Travail du Cuir, Armures en mailles,Rare,https://www.wowhead.com/mop-classic/fr/item= 98893
 98895, Gantelets artisanaux du gladiateur malveillant en mailles annelées,Travail du Cuir, Armures en mailles,Rare,https://www.wowhead.com/mop-classic/fr/item= 98895
 98897, Jambières artisanales du gladiateur malveillant en mailles annelées,Travail du Cuir, Armures en mailles,Rare,https://www.wowhead.com/mop-classic/fr/item= 98897
 98903, Spallières rivetées artisanales du gladiateur malveillant,Travail du Cuir, Armures en mailles,Rare,https://www.wowhead.com/mop-classic/fr/item= 98903
 98906, Gantelets artisanaux du gladiateur malveillant en mailles,Travail du Cuir, Armures en mailles,Rare,https://www.wowhead.com/mop-classic/fr/item= 98906
 98926, Plastron artisanal du gladiateur malveillant en plaques,Forge, Armures en plaques,Rare,https://www.wowhead.com/mop-classic/fr/item= 98926
 76590, Alexandrite surpuissante parfaite,Joaillerie, Gemme verte,Rare,https://www.wowhead.com/mop-classic/fr/item= 76590
 76607, Opale du tigre raffinée parfaite,Joaillerie, Gemme orange,Rare,https://www.wowhead.com/mop-classic/fr/item= 76607
 76625, Pierre sournoise souveraine parfaite,Joaillerie, Gemme violette,Rare,https://www.wowhead.com/mop-classic/fr/item= 76625
 76662, Onyx vermillon poli,Fabriqué, Gemme orange,Rare,https://www.wowhead.com/mop-classic/fr/item= 76662
 90480, Ceinture tempécaille,Travail du Cuir, Armures en mailles,Rare,https://www.wowhead.com/mop-classic/fr/item= 90480
 90482, Brassards tempécaille,Travail du Cuir, Armures en mailles,Rare,https://www.wowhead.com/mop-classic/fr/item= 90482
 93430, Corde de méditation artisanale du gladiateur effroyable,Couture, Armures en tissu,Rare,https://www.wowhead.com/mop-classic/fr/item= 93430
 93538, Corselet ornementé artisanal du gladiateur effroyable,Forge, Armures en plaques,Rare,https://www.wowhead.com/mop-classic/fr/item= 93538
 93539, Gants ornementés artisanaux du gladiateur effroyable,Forge, Armures en plaques,Rare,https://www.wowhead.com/mop-classic/fr/item= 93539
 93548, Plaques de bras d’empressement artisanales du gladiateur effroyable,Forge, Armures en plaques,Rare,https://www.wowhead.com/mop-classic/fr/item= 93548
 93555, Gants artisanaux du gladiateur effroyable en satin,Couture, Armures en tissu,Rare,https://www.wowhead.com/mop-classic/fr/item= 93555
 93583, Spallières artisanales du gladiateur effroyable en mailles annelées,Travail du Cuir, Armures en mailles,Rare,https://www.wowhead.com/mop-classic/fr/item= 93583
 93584, Armure rivetée artisanale du gladiateur effroyable,Travail du Cuir, Armures en mailles,Rare,https://www.wowhead.com/mop-classic/fr/item= 93584
 93621, Gantelets artisanaux du gladiateur effroyable en plaques,Forge, Armures en plaques,Rare,https://www.wowhead.com/mop-classic/fr/item= 93621
 98791, Garde-jambes artisanaux du gladiateur malveillant en peau de dragon,Travail du Cuir, Armures en cuir,Rare,https://www.wowhead.com/mop-classic/fr/item= 98791
 98803, Protège-tibias d’empressement artisanaux du gladiateur malveillant,Travail du Cuir, Armures en cuir,Rare,https://www.wowhead.com/mop-classic/fr/item= 98803
 98820, Cotte d’anneaux artisanale du gladiateur malveillant,Travail du Cuir, Armures en mailles,Rare,https://www.wowhead.com/mop-classic/fr/item= 98820
 98838, Gants en cuivrepeau artisanaux du gladiateur malveillant,Travail du Cuir, Armures en cuir,Rare,https://www.wowhead.com/mop-classic/fr/item= 98838
 98859, Ceinturon de précision artisanal du gladiateur malveillant,Forge, Armures en plaques,Rare,https://www.wowhead.com/mop-classic/fr/item= 98859
 98861, Bottes de guerre de cruauté artisanales du gladiateur malveillant,Forge, Armures en plaques,Rare,https://www.wowhead.com/mop-classic/fr/item= 98861
 98868, Robe artisanale du gladiateur malveillant en étoffe lunaire,Couture, Armures en tissu,Rare,https://www.wowhead.com/mop-classic/fr/item= 98868
 98883, Couvre-bras d’empressement artisanaux du gladiateur malveillant,Travail du Cuir, Armures en cuir,Rare,https://www.wowhead.com/mop-classic/fr/item= 98883
 98894, Armure artisanale du gladiateur malveillant en mailles annelées,Travail du Cuir, Armures en mailles,Rare,https://www.wowhead.com/mop-classic/fr/item= 98894
 98898, Spallières artisanales du gladiateur malveillant en mailles annelées,Travail du Cuir, Armures en mailles,Rare,https://www.wowhead.com/mop-classic/fr/item= 98898
 76609, Opale du tigre transparente parfaite,Joaillerie, Gemme orange,Rare,https://www.wowhead.com/mop-classic/fr/item= 76609
 76611, Opale du tigre obstinée parfaite,Joaillerie, Gemme orange,Rare,https://www.wowhead.com/mop-classic/fr/item= 76611
 76613, Opale du tigre resplendissante parfaite,Joaillerie, Gemme orange,Rare,https://www.wowhead.com/mop-classic/fr/item= 76613
 82942, Ceinture ouvragée en sanctacier,Forge, Armures en plaques,Rare,https://www.wowhead.com/mop-classic/fr/item= 82942
 87566, Bâton runique,Calligraphie, Bâton,Rare,https://www.wowhead.com/mop-classic/fr/item= 87566
 90476, Gants en éolaine,Couture, Armures en tissu,Rare,https://www.wowhead.com/mop-classic/fr/item= 90476
 93476, Heaume artisanal du gladiateur effroyable en peau de wyrm,Travail du Cuir, Armures en cuir,Rare,https://www.wowhead.com/mop-classic/fr/item= 93476
 93478, Robe artisanale du gladiateur effroyable en peau de wyrm,Travail du Cuir, Armures en cuir,Rare,https://www.wowhead.com/mop-classic/fr/item= 93478
 93489, Liens de précision artisanaux du gladiateur effroyable,Travail du Cuir, Armures en mailles,Rare,https://www.wowhead.com/mop-classic/fr/item= 93489
 93497, Jambières en anneaux artisanales du gladiateur effroyable,Travail du Cuir, Armures en mailles,Rare,https://www.wowhead.com/mop-classic/fr/item= 93497
 93511, Garde-jambes artisanaux du gladiateur effroyable en peau-de-fer,Travail du Cuir, Armures en cuir,Rare,https://www.wowhead.com/mop-classic/fr/item= 93511
 93515, Tunique artisanale du gladiateur effroyable en peau-de-fer,Travail du Cuir, Armures en cuir,Rare,https://www.wowhead.com/mop-classic/fr/item= 93515
 93529, Heaume artisanal du gladiateur effroyable en écailles,Forge, Armures en plaques,Rare,https://www.wowhead.com/mop-classic/fr/item= 93529
 93541, Cuissards ornementés artisanaux du gladiateur effroyable,Forge, Armures en plaques,Rare,https://www.wowhead.com/mop-classic/fr/item= 93541
 93585, Gantelets rivetés artisanaux du gladiateur effroyable,Travail du Cuir, Armures en mailles,Rare,https://www.wowhead.com/mop-classic/fr/item= 93585
 97538, Opale du tigre obstinée parfaite,Joaillerie, Gemme orange,Rare,https://www.wowhead.com/mop-classic/fr/item= 97538
 98767, Bottines d’empressement artisanales du gladiateur malveillant,Couture, Armures en tissu,Rare,https://www.wowhead.com/mop-classic/fr/item= 98767
 98788, Epaulières artisanales du gladiateur malveillant en plaques d’effroi,Forge, Armures en plaques,Rare,https://www.wowhead.com/mop-classic/fr/item= 98788
 98789, Gants artisanaux du gladiateur malveillant en peau de dragon,Travail du Cuir, Armures en cuir,Rare,https://www.wowhead.com/mop-classic/fr/item= 98789
 98793, Spallières artisanales du gladiateur malveillant en peau de dragon,Travail du Cuir, Armures en cuir,Rare,https://www.wowhead.com/mop-classic/fr/item= 98793
 98805, Gants artisanaux du gladiateur malveillant en peau de wyrm,Travail du Cuir, Armures en cuir,Rare,https://www.wowhead.com/mop-classic/fr/item= 98805
 98818, Garde-poignets d’empressement artisanaux du gladiateur malveillant,Travail du Cuir, Armures en mailles,Rare,https://www.wowhead.com/mop-classic/fr/item= 98818
 98840, Garde-jambes en cuivrepeau artisanaux du gladiateur malveillant,Travail du Cuir, Armures en cuir,Rare,https://www.wowhead.com/mop-classic/fr/item= 98840
 98850, Grèves d’empressement artisanales du gladiateur malveillant,Forge, Armures en plaques,Rare,https://www.wowhead.com/mop-classic/fr/item= 98850
 98862, Bottes de guerre d’empressement artisanales du gladiateur malveillant,Forge, Armures en plaques,Rare,https://www.wowhead.com/mop-classic/fr/item= 98862
 98871, Chaperon artisanal du gladiateur malveillant en satin,Couture, Armures en tissu,Rare,https://www.wowhead.com/mop-classic/fr/item= 98871
 98881, Baudrier de précision artisanal du gladiateur malveillant,Travail du Cuir, Armures en cuir,Rare,https://www.wowhead.com/mop-classic/fr/item= 98881
 98909, Spallières en mailles artisanales du gladiateur malveillant,Travail du Cuir, Armures en mailles,Rare,https://www.wowhead.com/mop-classic/fr/item= 98909
 76578, Alexandrite nitescente parfaite,Joaillerie, Gemme verte,Rare,https://www.wowhead.com/mop-classic/fr/item= 76578
 76580, Alexandrite équilibrée parfaite,Joaillerie, Gemme verte,Rare,https://www.wowhead.com/mop-classic/fr/item= 76580
 76582, Alexandrite trouble parfaite,Joaillerie, Gemme verte,Rare,https://www.wowhead.com/mop-classic/fr/item= 76582
 76596, Opale du tigre polie parfaite,Joaillerie, Gemme orange,Rare,https://www.wowhead.com/mop-classic/fr/item= 76596
 76610, Opale du tigre fragile parfaite,Joaillerie, Gemme orange,Rare,https://www.wowhead.com/mop-classic/fr/item= 76610
 76621, Pierre sournoise changeante parfaite,Joaillerie, Gemme violette,Rare,https://www.wowhead.com/mop-classic/fr/item= 76621
 76632, Héliolite subtile parfaite,Joaillerie, Gemme jaune,Rare,https://www.wowhead.com/mop-classic/fr/item= 76632
 76644, Jade sauvage nitescent,Fabriqué, Gemme verte,Rare,https://www.wowhead.com/mop-classic/fr/item= 76644
 76646, Jade sauvage équilibré,Fabriqué, Gemme verte,Rare,https://www.wowhead.com/mop-classic/fr/item= 76646
 76653, Jade sauvage régalien,Fabriqué, Gemme verte,Rare,https://www.wowhead.com/mop-classic/fr/item= 76653
 76657, Jade sauvage stable,Fabriqué, Gemme verte,Rare,https://www.wowhead.com/mop-classic/fr/item= 76657
 76678, Onyx vermillon splendide,Fabriqué, Gemme orange,Rare,https://www.wowhead.com/mop-classic/fr/item= 76678
 82935, Heaume ouvragé en sanctacier,Forge, Armures en plaques,Rare,https://www.wowhead.com/mop-classic/fr/item= 82935
 85793, Gants de belligérant en écailles de dragon,Travail du Cuir, Armures en mailles,Rare,https://www.wowhead.com/mop-classic/fr/item= 85793
 85801, Gants de belligérant en cuir,Travail du Cuir, Armures en cuir,Rare,https://www.wowhead.com/mop-classic/fr/item= 85801
 90493, Gants en peau brumeuse,Travail du Cuir, Armures en cuir,Rare,https://www.wowhead.com/mop-classic/fr/item= 90493
 93434, Crispins de précision artisanaux du gladiateur effroyable,Couture, Armures en tissu,Rare,https://www.wowhead.com/mop-classic/fr/item= 93434
 93465, Manchettes de méditation artisanales du gladiateur effroyable,Travail du Cuir, Armures en cuir,Rare,https://www.wowhead.com/mop-classic/fr/item= 93465
 93469, Robe artisanale du gladiateur effroyable en cuir de kodo,Travail du Cuir, Armures en cuir,Rare,https://www.wowhead.com/mop-classic/fr/item= 93469
 93472, Ceinture de cruauté artisanale du gladiateur effroyable,Travail du Cuir, Armures en cuir,Rare,https://www.wowhead.com/mop-classic/fr/item= 93472
 93474, Manchettes de prouesse artisanales du gladiateur effroyable,Travail du Cuir, Armures en cuir,Rare,https://www.wowhead.com/mop-classic/fr/item= 93474
 93493, Garde-poignets de précision artisanaux du gladiateur effroyable,Travail du Cuir, Armures en mailles,Rare,https://www.wowhead.com/mop-classic/fr/item= 93493
 93528, Gantelets artisanaux du gladiateur effroyable en écailles,Forge, Armures en plaques,Rare,https://www.wowhead.com/mop-classic/fr/item= 93528
 93530, Garde-jambes artisanaux du gladiateur effroyable en écailles,Forge, Armures en plaques,Rare,https://www.wowhead.com/mop-classic/fr/item= 93530
 93534, Grèves d’empressement artisanales du gladiateur effroyable,Forge, Armures en plaques,Rare,https://www.wowhead.com/mop-classic/fr/item= 93534
 93537, Brassards de méditation artisanaux du gladiateur effroyable,Forge, Armures en plaques,Rare,https://www.wowhead.com/mop-classic/fr/item= 93537
 93566, Baudrier de précision artisanal du gladiateur effroyable,Travail du Cuir, Armures en cuir,Rare,https://www.wowhead.com/mop-classic/fr/item= 93566
 93579, Armure artisanale du gladiateur effroyable en mailles annelées,Travail du Cuir, Armures en mailles,Rare,https://www.wowhead.com/mop-classic/fr/item= 93579
 93580, Gantelets artisanaux du gladiateur effroyable en mailles annelées,Travail du Cuir, Armures en mailles,Rare,https://www.wowhead.com/mop-classic/fr/item= 93580
 93582, Jambières artisanales du gladiateur effroyable en mailles annelées,Travail du Cuir, Armures en mailles,Rare,https://www.wowhead.com/mop-classic/fr/item= 93582
 93587, Jambières rivetées artisanales du gladiateur effroyable,Travail du Cuir, Armures en mailles,Rare,https://www.wowhead.com/mop-classic/fr/item= 93587
 93589, Sangle de cruauté artisanale du gladiateur effroyable,Travail du Cuir, Armures en mailles,Rare,https://www.wowhead.com/mop-classic/fr/item= 93589
 93707, Alexandrite leste parfaite,Joaillerie, Gemme verte,Rare,https://www.wowhead.com/mop-classic/fr/item= 93707
 98766, Bottines de cruauté artisanales du gladiateur malveillant,Couture, Armures en tissu,Rare,https://www.wowhead.com/mop-classic/fr/item= 98766
 98768, Bottines de méditation artisanales du gladiateur malveillant,Couture, Armures en tissu,Rare,https://www.wowhead.com/mop-classic/fr/item= 98768
 98771, Crispins de méditation artisanaux du gladiateur malveillant,Couture, Armures en tissu,Rare,https://www.wowhead.com/mop-classic/fr/item= 98771
 98773, Drapé de prouesse artisanal du gladiateur malveillant,Couture, Cape,Rare,https://www.wowhead.com/mop-classic/fr/item= 98773
 98804, Manchettes de prouesse artisanales du gladiateur malveillant,Travail du Cuir, Armures en cuir,Rare,https://www.wowhead.com/mop-classic/fr/item= 98804
 98808, Robe artisanale du gladiateur malveillant en peau de wyrm,Travail du Cuir, Armures en cuir,Rare,https://www.wowhead.com/mop-classic/fr/item= 98808
 98816, Solerets de cruauté artisanaux du gladiateur malveillant,Travail du Cuir, Armures en mailles,Rare,https://www.wowhead.com/mop-classic/fr/item= 98816
 98823, Jambières en anneaux artisanales du gladiateur malveillant,Travail du Cuir, Armures en mailles,Rare,https://www.wowhead.com/mop-classic/fr/item= 98823
 98834, Heaume en peau-de-fer artisanal du gladiateur malveillant,Travail du Cuir, Armures en cuir,Rare,https://www.wowhead.com/mop-classic/fr/item= 98834
 98843, Plastron artisanal du gladiateur malveillant en écailles,Forge, Armures en plaques,Rare,https://www.wowhead.com/mop-classic/fr/item= 98843
 98847, Epaulières artisanales du gladiateur malveillant en écailles,Forge, Armures en plaques,Rare,https://www.wowhead.com/mop-classic/fr/item= 98847
 98849, Fermoir de méditation artisanal du gladiateur malveillant,Forge, Armures en plaques,Rare,https://www.wowhead.com/mop-classic/fr/item= 98849
 98854, Corselet ornementé artisanal du gladiateur malveillant,Forge, Armures en plaques,Rare,https://www.wowhead.com/mop-classic/fr/item= 98854
 98860, Ceinturon de prouesse artisanal du gladiateur malveillant,Forge, Armures en plaques,Rare,https://www.wowhead.com/mop-classic/fr/item= 98860
 98863, Plaques de bras d’expertise artisanales du gladiateur malveillant,Forge, Armures en plaques,Rare,https://www.wowhead.com/mop-classic/fr/item= 98863
 98885, Gants en cuir artisanaux du gladiateur malveillant,Travail du Cuir, Armures en cuir,Rare,https://www.wowhead.com/mop-classic/fr/item= 98885
 98886, Heaume en cuir artisanal du gladiateur malveillant,Travail du Cuir, Armures en cuir,Rare,https://www.wowhead.com/mop-classic/fr/item= 98886
 98888, Spallières en cuir artisanales du gladiateur malveillant,Travail du Cuir, Armures en cuir,Rare,https://www.wowhead.com/mop-classic/fr/item= 98888
 98889, Sangle de méditation artisanale du gladiateur malveillant,Travail du Cuir, Armures en mailles,Rare,https://www.wowhead.com/mop-classic/fr/item= 98889
 98890, Protège-tibias d’empressement artisanaux du gladiateur malveillant,Travail du Cuir, Armures en mailles,Rare,https://www.wowhead.com/mop-classic/fr/item= 98890
 98891, Protège-tibias de méditation artisanaux du gladiateur malveillant,Travail du Cuir, Armures en mailles,Rare,https://www.wowhead.com/mop-classic/fr/item= 98891
 98896, Heaume artisanal du gladiateur malveillant en mailles annelées,Travail du Cuir, Armures en mailles,Rare,https://www.wowhead.com/mop-classic/fr/item= 98896
 98907, Heaume artisanal du gladiateur malveillant en mailles,Travail du Cuir, Armures en mailles,Rare,https://www.wowhead.com/mop-classic/fr/item= 98907
 98927, Gantelets artisanaux du gladiateur malveillant en plaques,Forge, Armures en plaques,Rare,https://www.wowhead.com/mop-classic/fr/item= 98927
 76587, Alexandrite régalienne parfaite,Joaillerie, Gemme verte,Rare,https://www.wowhead.com/mop-classic/fr/item= 76587
 76588, Alexandrite énergique parfaite,Joaillerie, Gemme verte,Rare,https://www.wowhead.com/mop-classic/fr/item= 76588
 76599, Opale du tigre de champion parfaite,Joaillerie, Gemme orange,Rare,https://www.wowhead.com/mop-classic/fr/item= 76599
 76612, Opale du tigre splendide parfaite,Joaillerie, Gemme orange,Rare,https://www.wowhead.com/mop-classic/fr/item= 76612
 76623, Pierre sournoise intemporelle parfaite,Joaillerie, Gemme violette,Rare,https://www.wowhead.com/mop-classic/fr/item= 76623
 76675, Onyx vermillon translucide,Fabriqué, Gemme orange,Rare,https://www.wowhead.com/mop-classic/fr/item= 76675
 82937, Cuirasse ouvragée en sanctacier,Forge, Armures en plaques,Rare,https://www.wowhead.com/mop-classic/fr/item= 82937
 93453, Plastron artisanal du gladiateur effroyable en plaques d’effroi,Forge, Armures en plaques,Rare,https://www.wowhead.com/mop-classic/fr/item= 93453
 93461, Robe artisanale du gladiateur effroyable en peau de dragon,Travail du Cuir, Armures en cuir,Rare,https://www.wowhead.com/mop-classic/fr/item= 93461
 93464, Protège-tibias de méditation artisanaux du gladiateur effroyable en cuir,Travail du Cuir, Armures en cuir,Rare,https://www.wowhead.com/mop-classic/fr/item= 93464
 93466, Gants artisanaux du gladiateur effroyable en cuir de kodo,Travail du Cuir, Armures en cuir,Rare,https://www.wowhead.com/mop-classic/fr/item= 93466
 93473, Protège-tibias d’empressement artisanaux du gladiateur effroyable en cuir,Travail du Cuir, Armures en cuir,Rare,https://www.wowhead.com/mop-classic/fr/item= 93473
 93475, Gants artisanaux du gladiateur effroyable en peau de wyrm,Travail du Cuir, Armures en cuir,Rare,https://www.wowhead.com/mop-classic/fr/item= 93475
 93490, Solerets de cruauté artisanaux du gladiateur effroyable,Travail du Cuir, Armures en mailles,Rare,https://www.wowhead.com/mop-classic/fr/item= 93490
 93531, Epaulières artisanales du gladiateur effroyable en écailles,Forge, Armures en plaques,Rare,https://www.wowhead.com/mop-classic/fr/item= 93531
 93535, Grèves de méditation artisanales du gladiateur effroyable,Forge, Armures en plaques,Rare,https://www.wowhead.com/mop-classic/fr/item= 93535
 93536, Brassards de prouesse artisanaux du gladiateur effroyable,Forge, Armures en plaques,Rare,https://www.wowhead.com/mop-classic/fr/item= 93536
 93568, Couvre-bras d’empressement artisanaux du gladiateur effroyable,Travail du Cuir, Armures en cuir,Rare,https://www.wowhead.com/mop-classic/fr/item= 93568
 93574, Sangle de méditation artisanale du gladiateur effroyable,Travail du Cuir, Armures en mailles,Rare,https://www.wowhead.com/mop-classic/fr/item= 93574
 93576, Protège-tibias de méditation artisanaux du gladiateur effroyable en mailles,Travail du Cuir, Armures en mailles,Rare,https://www.wowhead.com/mop-classic/fr/item= 93576
 93591, Gantelets artisanaux du gladiateur effroyable en mailles,Travail du Cuir, Armures en mailles,Rare,https://www.wowhead.com/mop-classic/fr/item= 93591
 93594, Spallières en mailles artisanales du gladiateur effroyable,Travail du Cuir, Armures en mailles,Rare,https://www.wowhead.com/mop-classic/fr/item= 93594
 97943, Opale du tigre obstinée parfaite,Joaillerie, Gemme orange,Rare,https://www.wowhead.com/mop-classic/fr/item= 97943
 98763, Corde de cruauté artisanale du gladiateur malveillant,Couture, Armures en tissu,Rare,https://www.wowhead.com/mop-classic/fr/item= 98763
 98765, Corde de méditation artisanale du gladiateur malveillant,Couture, Armures en tissu,Rare,https://www.wowhead.com/mop-classic/fr/item= 98765
 98790, Heaume artisanal du gladiateur malveillant en peau de dragon,Travail du Cuir, Armures en cuir,Rare,https://www.wowhead.com/mop-classic/fr/item= 98790
 98794, Ceinture de méditation artisanale du gladiateur malveillant,Travail du Cuir, Armures en cuir,Rare,https://www.wowhead.com/mop-classic/fr/item= 98794
 98795, Protège-tibias de méditation artisanaux du gladiateur malveillant,Travail du Cuir, Armures en cuir,Rare,https://www.wowhead.com/mop-classic/fr/item= 98795
 98809, Spallières artisanales du gladiateur malveillant en peau de wyrm,Travail du Cuir, Armures en cuir,Rare,https://www.wowhead.com/mop-classic/fr/item= 98809
 98815, Liens de précision artisanaux du gladiateur malveillant,Travail du Cuir, Armures en mailles,Rare,https://www.wowhead.com/mop-classic/fr/item= 98815
 98819, Garde-poignets de précision artisanaux du gladiateur malveillant,Travail du Cuir, Armures en mailles,Rare,https://www.wowhead.com/mop-classic/fr/item= 98819
 98832, Couvre-bras de précision artisanaux du gladiateur malveillant,Travail du Cuir, Armures en cuir,Rare,https://www.wowhead.com/mop-classic/fr/item= 98832
 98833, Gants en peau-de-fer artisanaux du gladiateur malveillant,Travail du Cuir, Armures en cuir,Rare,https://www.wowhead.com/mop-classic/fr/item= 98833
 98836, Spallières en peau-de-fer artisanales du gladiateur malveillant,Travail du Cuir, Armures en cuir,Rare,https://www.wowhead.com/mop-classic/fr/item= 98836
 98837, Tunique en peau-de-fer artisanale du gladiateur malveillant,Travail du Cuir, Armures en cuir,Rare,https://www.wowhead.com/mop-classic/fr/item= 98837
 98844, Gantelets artisanaux du gladiateur malveillant en écailles,Forge, Armures en plaques,Rare,https://www.wowhead.com/mop-classic/fr/item= 98844
 98846, Garde-jambes artisanaux du gladiateur malveillant en écailles,Forge, Armures en plaques,Rare,https://www.wowhead.com/mop-classic/fr/item= 98846
 98869, Mantelet artisanal du gladiateur malveillant en étoffe lunaire,Couture, Armures en tissu,Rare,https://www.wowhead.com/mop-classic/fr/item= 98869
 98870, Gants artisanaux du gladiateur malveillant en satin,Couture, Armures en tissu,Rare,https://www.wowhead.com/mop-classic/fr/item= 98870
 98899, Armure rivetée artisanale du gladiateur malveillant,Travail du Cuir, Armures en mailles,Rare,https://www.wowhead.com/mop-classic/fr/item= 98899
 98900, Gantelets rivetés artisanaux du gladiateur malveillant,Travail du Cuir, Armures en mailles,Rare,https://www.wowhead.com/mop-classic/fr/item= 98900
 98901, Heaume riveté artisanal du gladiateur malveillant,Travail du Cuir, Armures en mailles,Rare,https://www.wowhead.com/mop-classic/fr/item= 98901
 98902, Jambières rivetées artisanales du gladiateur malveillant,Travail du Cuir, Armures en mailles,Rare,https://www.wowhead.com/mop-classic/fr/item= 98902
 98904, Sangle de cruauté artisanale du gladiateur malveillant,Travail du Cuir, Armures en mailles,Rare,https://www.wowhead.com/mop-classic/fr/item= 98904
 98924, Grande tenue artisanale du gladiateur malveillant en tisse-gangrène,Couture, Armures en tissu,Rare,https://www.wowhead.com/mop-classic/fr/item= 98924
